,13/11/2019,22:49,<DIR>,.,Unnamed: 4,Unnamed: 5
0,13/11/2019,22:49,<DIR>,..,,
1,25/05/2011,09:16,728�139�776,13 Fantomes - DVDRip.avi,,
2,24/11/2014,22:26,733�607�164,13.Sins.2014.TRUEFRENCH.DVDRiP.XViD-ARTEFAC.avi,,
3,23/01/2014,17:39,739�221�504,20.Ans.d.Ecart.2013.FRENCH.BRRIP.XviD-FUZION.avi,,
4,27/01/2010,23:13,734�349�312,2012.FRENCH.REPACK.1CD.BDRiP.XviD-ATeam.avi,,
5,27/05/2015,19:34,734�085�120,21.And.Over.2013.avi,,
6,04/07/2010,14:18,731�629�752,7 ans de seduction.avi,,
7,13/12/2016,00:10,733�704�192,A l aube du 6�me jour.frenchdvdrip.xvid.avi,,
8,25/04/2012,11:54,734�590�976,A.I. Artificial Intelligence.avi,,
9,15/12/2009,17:51,734�021�632,A.Perfect.Getaway.UNRATED.DC.FRENCH.REPACK.1CD.DVDRip.XviD-ATeam.avi,,
10,20/01/2012,16:27,733�089�792,A.Very.Harold.And.Kumar.Christmas.2011.FRENCH.BDRip.XViD-AYMO.avi,,
11,15/05/2014,21:13,734�810�112,About.Last.Night.2014.FRENCH.BRRip.XviD-VENUM..avi,,
12,21/04/2014,12:53,1�883�570�176,Abyss.Version.Longue.TRUEFRENCH.DVDRIP.XVID.AC3-TFTD.avi,,
13,24/12/2007,12:32,656�340�480,Ace Ventura When Nature Calls.avi,,
14,08/01/2012,18:17,735�240�192,Admis.A.Tout Prix.avi,,
15,07/09/2016,11:17,1�542�803�258,Adopte.un.Veuf.2016.FRENCH.BRRip.XviD.AC3-DESTINY.avi,,
16,06/08/2010,12:31,741�563�660,After The Sunset TRUEFRENCH Dvdrip Xvid-UTT.avi,,
17,10/01/2012,02:03,802�665�456,Ah si j'etais riche.avi,,
18,09/06/2015,18:54,1�465�358�336,Alien Resurrection .avi,,
19,09/06/2015,18:48,1�465�266�176,Alien.avi,,
20,09/06/2015,23:43,2�181�638�144,Aliens.Le.Retour.1986.FRENCH.XviD-AC3-Obiwan33.avi,,
21,23/06/2016,21:45,1�479�887�078,Allegiant.2016.FRENCH.WEBRip.XViD-FUNKKY.avi,,
22,28/10/2015,14:08,732�204�836,aloha.avi,,
23,07/07/2016,02:35,734�699�520,America Pie 4. 10 ans apres.avi,,
24,07/07/2016,02:01,734�507�008,America Pie. 2.avi,,
25,07/07/2016,01:56,734�674�944,America Pie. Marions les.avi,,
26,07/07/2016,01:52,734�957�568,America Pie. No limit.avi,,
27,07/07/2016,01:53,734�816�256,America Pie.avi,,
28,14/07/2010,10:46,1�469�552�460,Amours troubles Truefrench DVDRip XviD AC3-FwD.avi,,
29,09/12/2012,00:53,730�837�248,Analyze.That.FRENCH.DVDRip.XViD-MONK.avi,,
30,09/12/2012,00:56,733�773�824,Analyze.This.1999.FRENCH.DVDRip.XviD-VFC.avi,,
31,24/11/2014,22:28,735�192�988,and.so.it.goes.glups.avi,,
32,19/12/2011,11:41,733�167�616,Apollo.18.2011.FRENCH.DVDRip.XviD-DUPLI.avi,,
33,13/05/2013,18:05,731�068�416,Armored.2009.FRENCH.DVDRiP.XviD-SURViVAL.avi,,
34,30/06/2017,18:59,734�590�976,Ast�rix et Ob�lix - Mission Cl�op�tre (2002) DVDRip.avi,,
35,14/02/2016,20:54,1�788�205�852,Avengers.Age.of.Ultron.2015.TRUEFRENCH.DVDRip.Xvid-LuNe.avi,,
36,17/11/2014,20:37,733�624�994,Babysitting.2014.FRENCH.DVDRip.XviD-UTT.avi,,
37,26/08/2013,00:29,729�726�976,Back.To.The.Future.I.1985.iNTERNAL.FRENCH.DVDRiP.XviD-69.avi,,
38,26/08/2013,00:31,730�142�720,Back.To.The.Future.II.1989.iNTERNAL.FRENCH.DVDRiP.XviD-69.avi,,
39,26/08/2013,00:32,729�704�448,Back.To.The.Future.III.1990.iNTERNAL.FRENCH.DVDRiP.XviD-69.avi,,
40,24/04/2015,22:39,725�360�174,Bad.Boys.2.FRENCH.DVDRiP.XViD.AVI,,
41,26/03/2017,19:30,1�471�203�328,Bad.Santa.2003.TRUEFRENCH.BRRip.XviD.AC3-BBC.avi,,
42,14/10/2011,09:36,734�969�856,Bad.Teacher.2011.UNRATED.FRENCH.BDRip.XviD-NERD.avi,,
43,03/05/2011,20:57,1�466�800�128,Bad.Times.FRENCH.DVDRIP.XVID.SUBFORCED.avi,,
44,30/03/2009,12:35,736�852�314,Bangkok.Dangerous.FRENCH.BRRip.XviD-GKS.avi,,
45,26/08/2013,01:02,1�468�626�944,Batman.1989.TRUEFRENCH.BRrip.XviD.AC3-CJS.avi,,
46,26/08/2013,00:47,1�468�680�192,Batman.Begins.2005.TRUEFRENCH.BRrip.XviD.AC3-CJS.avi,,
47,26/08/2013,00:56,1�468�633�088,Batman.et.Robin.1997.TRUEFRENCH.BRrip.XviD.AC3-CJS.avi,,
48,26/08/2013,00:50,1�468�536�832,Batman.Forever.1995.TRUEFRENCH.BRrip.Xvid.AC3-CJS.avi,,
49,26/08/2013,00:53,1�468�694�528,Batman.The.Dark.Knight.2008.TRUEFRENCH.BRrip.XviD.AC3-CJS.avi,,
50,26/08/2013,00:59,1�468�579�840,Batmans.Returns.1992.TRUEFRENCH.BRrip.XviD.AC3-CJS.avi,,
51,09/06/2010,10:25,735�064�064,Bienvenue.A.Gattaca.FRENCH.DVDRiP.DivX.avi,,
52,01/08/2011,08:30,732�771�604,Bimboland.FRENCH.DVDRIP.DivX.avi,,
53,09/05/2011,14:02,1�549�300�890,BLACK WHITE.avi,,
54,13/03/2016,15:22,734�677�556,Bleeding.Heart.2015.FANSUB.VOSTFR.WEB-DL.XviD-TeamSuW.avi,,
55,23/11/2014,20:29,1�472�659�366,Blended.2014.FRENCH.BRRIP XVID AC3-lecorse.avi,,
56,11/08/2010,10:45,734�578�688,Blood Diamond.avi,,
57,21/05/2011,19:54,733�075�456,Blood.Creek.FRENCH.DVDRip.XviD-FwD.avi,,
58,25/01/2015,20:22,734�212�096,Bon Retablissement.avi,,
59,30/01/2016,14:54,1�476�517�888,Bridge.of.Spies.2015.FRENCH.BDRip.XViD-FUNKKY.avi,,
60,28/02/2016,17:04,731�030�134,Broken.Horses.2015.FRENCH.DVDRip.Xvid-LuNe.avi,,
61,13/11/2016,18:55,1�498�147�888,Captain.Fantastic.2016.FRENCH.BRRip.XviD-AM84.avi,,
62,30/01/2016,14:57,730�544�084,Captive.2015.FRENCH.DVDrip.Xvid-LuNe.avi,,
63,01/07/2010,20:43,739�332�118,Case.39.2010.LiMiTED.TRUEFRENCH.DVDRiP.XViD-ARTEFAC.avi,,
64,15/01/2012,10:35,733�980�672,Catch 44 2011 FRENCH DVDRip XviD-PeeR2Me.avi,,
65,02/07/2014,12:44,735�834�112,Catwoman.FRENCH.DVDRip.XviD.avi,,
66,16/09/2016,21:12,1�503�412�018,Central.Intelligence.2016.THEATRICAL.FRENCH.BRRiP.XviD-Slay3R.avi,,
67,24/06/2017,12:54,745�951�292,Chips.2017.FRENCH.BRRiP.XviD-ReBoT.avi,,
68,02/05/2012,08:59,733�171�712,City.Island.LiMiTED.FRENCH.DVDRip.XviD-UNSKiLLED.avi,,
69,06/12/2011,22:17,733�319�412,Colombiana.2011.FRENCH.BRRiP.XViD-LEGiON.avi,,
70,19/11/2016,12:06,1�464�655�877,Colonia.2016.FRENCH.DVDRiP.XviD.AC3-ALBOY.avi,,
71,29/01/2015,19:20,752�359�424,Colt 45.avi,,
72,13/10/2012,18:04,733�824�014,Comme.un.Chef.2012.FRENCH.DVDRiP.XviD-BLOODYMARY.avi,,
73,03/07/2010,14:25,734�826�496,Cop.Out.FRENCH.DVDRip.XviD-AYMO.avi,,
74,02/06/2010,15:52,734�236�672,Couples.Retreat.avi,,
75,23/11/2011,06:19,1�471�943�568,Cowboys And Aliens 2011 FRENCH DVDRiP XViD AC3-LEGiON.avi,,
76,13/03/2016,15:27,1�477�535�642,Crimson.Peak.2015.FANSUB.VOSTFR.WEB-DL.XviD-TeamSuW.avi,,
77,28/12/2011,20:12,732�663�690,Crocodile Dundee 1.avi,,
78,28/12/2011,20:09,733�500�632,Crocodile Dundee 2.avi,,
79,28/12/2011,20:13,733�036�600,Crocodile Dundee 3.avi,,
80,13/03/2016,14:53,734�724�096,danger imm�diat.avi,,
81,20/04/2009,19:10,733�007�872,Dead.Like.Me-Life.After.Death.2009.FRENCH.DVDRiP.XViD-BaLLanTeAm.avi,,
82,17/07/2010,12:04,734�590�976,Death at a funeral.avi,,
83,09/12/2012,01:15,733�894�656,Death becomes her.avi,,
84,13/05/2013,17:53,1�463�871�488,Demineur.TRUEFRENCH.DVDRIP.XVID.N2T.avi,,
85,03/02/2012,17:44,736�462�848,Derailed.avi,,
86,25/10/2013,19:26,1�466�304�512,Despicable.Me.2.2013.FRENCH.BRRiP.XviD.AC3-CARPEDIEM.avi,,
87,28/05/2013,18:11,733�779�968,Despicable.Me.2010.TRUEFRENCH.BDRiP.XViD.avi,,
88,29/01/2015,19:27,1�471�827�968,Detective Dee And The Mystery Of The Phantom Flame 2011 French SubForced,BRRiP,XviD-FwD.avi
89,13/05/2013,19:51,1�422�917�632,Die.Hard.4.TRUEFRENCH.DVDRIP.XVID.N2T.avi,,
90,10/02/2010,15:45,735�064�064,Dikkenek.avi,,
91,10/01/2012,13:27,732�827�350,Drag.Me.To.Hell.2009.TRUEFRENCH.DVDRiP.XViD-ARTEFAC.avi,,
92,09/12/2012,01:19,733�751�296,Dream.House.2011.FRENCH.DVDRip.XviD-AYMO.avi,,
93,24/04/2010,11:55,727�128�064,Edge of Darkness.avi,,
94,08/01/2015,20:40,734�986�240,Enemy 2013 LIMITED FRENCH BRRiP XviD-CARPEDIEM.avi,,
95,26/06/2010,21:29,734�326�784,Ensemble c'est trop.avi,,
96,19/12/2015,11:16,750�882�968,Escape.Plan.2013.TRUEFRENCH.BRRip.XviD-floflo300.avi,,
97,09/12/2012,01:22,731�256�832,Everybody's fine.avi,,
98,17/10/2011,09:34,733�775�872,Extract 2011 TRUEFRENCH DVDRIP XVID-FwD.avi,,
120,28/12/2011,20:13,733�036�600,Crocodile Dundee 3.avi,,
99,03/02/2014,20:25,736�047�114,Eyjafjallajokull.2013.FRENCH.BRRIP.XviD-ArRoWs.avi,,
100,27/03/2011,22:19,733�902�848,Fair.Game.2011.TRUEFRENCH.DVDRip.REPACK.1CD.XviD-RAW.avi,,
101,16/10/2011,22:34,734�793�728,Family man.avi,,
102,12/08/2004,10:57,723�347�456,Film - Rrrrrrr!!! ( Fran�ais - Divx 5.0 ).avi,,
103,13/12/2011,16:56,734�605�312,Final.Destination.5.FRENCH.DVDRip.XviD-AYMO.avi,,
104,29/06/2015,22:36,732�197�374,Focus.avi,,
105,09/03/2014,15:14,1�466�263�552,Fonzy.2013.FRENCH.DVDRip.XviD.AC3-UTT.avi,,
106,13/11/2016,19:06,1�486�959�256,Free.State.of.Jones.2016.FRENCH.WEBRip.XViD-FUNKKY.avi,,
107,29/01/2015,19:30,737�247�232,Frozen.2013.TRUEFRENCH.BDRip.XviD-FrIeNdS.avi,,
108,16/06/2013,15:18,736�690�098,Gambit.2012.TRUEFRENCH.DVDRIP.XVid-UTT.avi,,
109,29/01/2015,19:36,1�466�552�320,Get on up.avi,,
110,29/06/2015,22:38,732�871�380,Get.Hard.avi,,
111,11/12/2012,12:20,733�980�672,Get.The.Gringo.2012.LiMiTED.FRENCH.DVDRiP.XViD-FUTiL.avi,,
112,14/10/2016,20:01,1�483�094�742,Ghostbusters.2016.EXTENDED.FRENCH.BDRip.XViD-FUNKKY.avi,,
113,23/06/2014,23:58,733�542�400,Go Fast.avi,,
114,07/11/2013,19:07,734�779�392,Good.Luck.Chuck.FRENCH.DVDRiP.XviD-iD.avi,,
115,06/07/2012,10:49,735�838�208,Goon.2011.FRENCH.BDRip.XviD-AYMO.avi,,
116,10/06/2010,10:42,734�830�592,green zone.avi,,
117,25/12/2010,12:07,733�593�600,Grown ups.avi,,
118,11/06/2015,22:56,1�465�991�168,Harold.&.Kumar.Go.To.White.Castle.UNRATED.TRUEFRENCH.DVDRip.XViD.AC3-BoB,avi,
119,02/04/2011,14:47,729�079�304,Harry Potter.And.The.Deathly.Hallows.Part.1.2010.TRUEFRENCH BRRiP XviD L,T.avi,
120,23/08/2015,12:49,2�203�484�160,Heat.TRUEFRENCH.BDRip.AC3.XViD-BoB.avi,,
121,28/02/2016,17:07,1�277�973�400,Heist.2015.TRUEFRENCH.DVDRip.Xvid.AC3-LuNe.avi,,
122,16/06/2013,15:24,1�471�815�680,Here.Comes.The.Boom.2012.TRUEFRENCH.SUBFORCED.BRRIP.XVID.AC3-ATN.avi,,
123,01/03/2011,13:31,735�234�048,Hereafter.avi,,
124,07/09/2016,11:46,1�477�176�232,High-Rise.2015.FRENCH.DVDRip.XViD.AC3-FUNKKY.avi,,
125,07/01/2013,21:20,735�382�212,Hit.and.Run.2012.FRENCH.BRRiP.XviD-AUTOPSiE.avi,,
126,25/10/2013,21:56,1�465�068�980,Hitch Expert en Seduction.avi,,
127,17/10/2011,01:53,734�328�832,Horrible Bosses.avi,,
128,17/10/2011,00:20,735�989�760,Hors.De.Prix.FRENCH.DVDRIP.XViD.Avi,,
129,05/07/2012,22:49,727�371�776,Hostage.FRENCH.DVDRip-XViD.avi,,
130,18/12/2016,16:34,1�490�631�676,Hot Shot 1.avi,,
131,18/12/2016,16:37,1�556�659�776,Hot Shot 2.avi,,
132,02/07/2014,13:25,732�355�302,Hotel.Transylvania.2012.TRUEFRENCH.DVDRip.XviD-ARTEFAC.avi,,
133,09/12/2012,01:09,734�013�440,How Do You Know.avi,,
134,21/01/2009,12:44,734�949�376,How to Lose a Guy in 10 Days.avi,,
135,24/11/2014,22:37,733�461�694,How.to.Train.Your.Dragon.2.glups.avi,,
136,24/01/2012,23:33,733�784�064,HS.Hors.Service.2001.FRENCH.DVDRIP.XviD-TFTD.avi,,
137,29/06/2016,21:41,1�468�050�082,Hulk.2003.FRENCH.BRRIP.XviD.AC3-FoX.avi,,
138,13/08/2013,21:46,732�533�160,I.Give.It.a.Year.2013.TRUEFRENCH.DVDRip.XviD-UTT.avi,,
139,16/02/2009,00:30,731�410�432,I.Robot.FRENCH.PROPER.REPACK.1CD.DVDRIP.Xvid-GKS.avi,,
140,14/08/2017,21:33,736�282�624,Idiocracy.FRENCH.DVDRIP.XVID-Get24.avi,,
141,12/06/2017,20:56,733�997�057,Imagine.That.FRENCH.BDRip.XviD-SURViVAL.avi,,
142,13/10/2012,20:00,1�463�824�384,Incassable.2000.FRENCH.SUBFORCED.BRRiP.XViD.AC3-HuSh.avi,,
143,25/08/2013,22:31,1�457�085�520,Independence.Day.1996.FRENCH.BDRIP.XviD.AC3-r3NoOrK.avi,,
144,21/06/2011,04:23,1�175�308�288,Indiana.Jones.and.the.Kingdom.of.the.Crystal.Skull.TRUEFRENCH.DVDRip.XVi,-ASC.,vi
145,17/10/2011,00:45,743�075�840,Inglorious.Basterds.2009.TRUEFRENCH.DVDRIP.XVID-BN.DIV.avi,,
146,05/07/2012,22:20,2�201�407�488,Inside.Man.2006.FRENCH.BRRIP.XVID.AC3-HuSh.avi,,
147,15/09/2011,07:51,1�465�800�704,Intolerable Cruelty.avi,,
148,03/01/2012,19:29,735�232�000,Intouchables 2011 FRENCH DVDRip XviD-FwD.avi,,
149,29/04/2010,19:23,737�449�984,Invictus.FRENCH.DVDRip.Repack.1CD.XviD-LECHTI.avi,,
150,13/06/2010,09:46,735�121�408,Ivresse et consequence.avi,,
151,13/03/2016,15:28,717�180�929,Jackie.Brown.FRENCH.DVDRip.XviD.NEO.avi,,
152,13/11/2016,19:08,744�451�342,Jane.Got.A.Gun.2016.FRENCH.BDRip.XViD-FUNKKY.avi,,
153,19/11/2016,12:10,1�480�359�508,Jason.Bourne.2016.FRENCH.WEBRip.XViD-FUNKKY.avi,,
154,21/04/2014,12:14,734�581�316,Je.Fais.Le.Mort.2013.FRENCH.DVDRip.XviD-UTT.avi,,
155,09/03/2014,15:30,730�767�360,Jeux d Enfants.avi,,
156,11/01/2012,19:26,732�028�432,Johnny.English.Reborn.FRENCH.BDRiP.XViD-SERUM-planete-lolo.avi,,
157,29/06/2015,22:40,1�466�114�048,Jupiter.ascending.avi,,
158,02/01/2015,20:00,1�462�459�724,Jurassic.Park.2.BDRip.XViD.AC3-PtK.avi,,
159,02/01/2015,20:03,1�465�216�922,Jurassic.Park.3.BDRip.XViD.AC3-PtK.avi,,
160,08/01/2012,16:16,739�491�812,Killer.Elite.2011.FRENCH.DVDRip.REPACK.1CD.XviD-HYPER.avi,,
161,10/07/2010,11:13,733�765�632,Killer.Hacker.TRUEFRENCH.DVDRIP.XviD-PTN.avi,,
162,27/06/2010,14:08,738�755�930,Killer.Movie.FRENCH.DVDRip.XViD-DVDFR.avi,,
163,19/04/2014,11:18,733�587�486,Killing.Season.2013.TRUEFRENCH.DVDRiP.XViD-AViTECH.avi,,
164,14/08/2017,11:39,1�466�229�792,King.Arthur.Legend.of.the.Sword.2017.FRENCH.BRRiP.XviD-ReBoT.avi,,
165,30/10/2010,19:51,732�180�480,Kiss and Kill.avi,,
166,25/12/2010,12:49,733�464�576,Knight.And.Day.TRUEFRENCH.DVDRIP.XVID-LECHTI.avi,,
167,28/10/2015,14:39,733�665�280,L.A.Confidential.TRUEFRENCH.DVDRIP.XVID.TFTD.avi,,
168,11/12/2012,12:24,730�183�680,L.Antidote.FRENCH.DVDRiP.XViD-GeT.avi,,
169,24/08/2010,18:59,731�002�880,L.Arnacoeur.FRENCH.DVDRip.XviD-AYMO.avi,,
170,19/04/2014,11:19,730�435�584,L.Auberge.Rouge.PROPER.FRENCH.DVDRip.XviD-NTK.avi,,
171,11/12/2012,12:26,733�919�232,L.Emmerdeur.FRENCH.DVDRiP.XViD-PATACHOUN.avi,,
172,02/01/2015,21:05,1�467�761�402,L.Enquete.Corse.2004.FRENCH.DVDRip.XviD.AC3-FZR.avi,,
173,01/09/2010,20:30,749�453�312,L.Immortel.FRENCH.REPACK.BDRIP.XVID-ARTEFAC.avi,,
174,11/12/2012,12:27,726�417�408,L.incruste.FRENCH.DVDRip.XViD-EVASiON.avi,,
175,11/12/2012,12:28,733�992�960,L.Invite.FRENCH.DVDRiP.XViD-NTK.avi,,
176,14/06/2010,19:39,725�870�376,La Cit�e De La Peur By Sam.avi,,
177,25/04/2015,10:36,1�465�726�976,La french.avi,,
178,01/07/2010,22:33,1�465�991�168,La Premiere Etoile TRUEFRENCH DVDRIP XviD AC3-Dedicool.avi,,
179,14/05/2013,19:09,730�136�576,La Proie.avi,,
180,02/07/2014,13:29,1�472�653�312,La.Belle.Et.La.Bete.2014.FRENCH.BRRiP.XviD.AC3-BROTHERS.avi,,
181,06/07/2012,11:09,733�972�480,La.Boite.Noire.FRENCH.DVDRip.XviD-LOST.avi,,
182,23/01/2014,17:24,735�223�808,La.Marque.Des.Anges.Miserere.2013.FRENCH.DVDRip.XviD-UTT.avi,,
183,02/01/2015,21:02,1�727�690�030,La.Soif.De.L'OR.FRENCH.DVDRIP.XviD-UNDERTAKER.avi,,
184,08/02/2010,23:15,720�764�928,La.Verite.Si.Je.Mens.2.FRENCH.DVDRiP.XviD.avi,,
185,03/05/2012,10:11,733�908�992,La.Verite.Si.Je.Mens.3.2012.FRENCH.DVDRiP.XViD-PeeR2Me.avi,,
186,10/02/2010,15:29,733�476�864,La.Verite.Si.Je.Mens.FRENCH.DVDRiP.XviD.avi,,
187,05/03/2010,20:57,732�170�240,L'affaire farewell.avi,,
188,28/09/2010,19:42,734�181�376,L'amour c'est mieux � deux.avi,,
189,02/04/2011,07:49,735�119�360,Lara Croft Tomb Raider The Cradle of Life.avi,,
190,11/04/2011,11:26,733�599�744,Lara Croft Tomb Raider.avi,,
191,27/08/2008,02:05,730�491�968,Las vegas 21.FRENCH.DVDRip.REPACK.1CD.XviD.avi,,
192,11/12/2012,12:31,733�786�112,Last Night 2011 TRUEFRENCH DVDRIP XVID-FwD.avi,,
193,13/03/2010,19:28,734�031�872,Law.Abiding.Citizen.FRENCH.REPACK.1CD.DVDRiP.XViD-ATeam.avi,,
194,13/12/2012,15:04,735�462�294,Lay.The.Favorite.2012.TRUEFRENCH.DVDRip.XviD-UTT.avi,,
195,08/01/2012,19:08,733�513�728,Le boulet French DVDRip XViD-RLD.avi,,
196,05/02/2010,19:38,732�821�504,Le coach.avi,,
197,27/06/2010,14:28,730�734�592,Le mac.avi,,
198,14/07/2010,09:48,733�562�880,Le pari French DVDRip XViD-RLD.avi,,
199,04/07/2010,22:31,724�277�248,Le raid.avi,,
200,06/07/2012,11:19,733�925�376,Le.Boulet.2002.FRENCH.DVDRiP.XviD-SCiENCES.avi,,
201,23/01/2014,17:50,734�162�944,Le.Chacal.avi,,
202,06/07/2012,11:23,731�039�744,Le.Chantage.2008.FRENCH.DVDRiP.XviD-iD.avi,,
203,11/12/2012,12:32,734�244�864,Le.Contrat.FRENCH.DVDRip.XviD-ZANBiC.avi,,
204,14/05/2013,20:32,733�788�160,Le.Fiance.Ideal.TRUEFRENCH.DvDRiP.Xvid-TFTD.avi,,
205,20/07/2013,18:06,1�469�728�768,Le.Manoir.Hante.et.les.999.Fantomes.Truefrench.BRRip.XviD.AC3-FwD.avi,,
206,02/08/2011,15:51,732�829�696,Le.Marquis.FRENCH.DVDRip.XviD-AYMO.avi,,
207,29/01/2015,19:49,724�878�710,Le.Pere.Noel.Est.Une.Ordure.FRENCH.DVDRiP.DivX.avi,,
208,11/12/2012,12:34,731�314�266,Le.Placard.FRENCH.DVDRiP.DivX.avi,,
209,06/07/2012,11:33,734�205�952,Le.Premier.Cercle.FRENCH.BDRip.XviD-Tuel.avi,,
210,11/12/2012,12:36,732�065�792,Le.Silence.Des.Ombres.2011.TRUEFRENCH.DVDRiP.XViD-FiCTiON.avi,,
211,14/06/2010,22:00,734�478�336,Legion.2010.FRENCH.BDRiP.XViD-SURViVAL.avi,,
212,31/07/2011,09:13,736�278�528,Legitime.Defense.2011.FRENCH.BRRiP.XviD-AUTOPSiE.avi,,
213,31/07/2014,11:47,734�488�576,Les 3 freres le retour.avi,,
214,13/03/2016,15:33,1�433�987�220,Les Fugitifs 1986 DVDRiP x264 AC3.avi,,
215,09/05/2013,16:10,731�623�802,Les sousdou�s passent le bac.AVI,,
216,01/08/2010,23:22,722�908�108,Les.Amateurs.FRENCH.DVDRiP.XViD-UTT.avi,,
217,29/01/2015,19:52,733�444�096,Les.bronzes.1978.French.DVDRip.XViD-EdP.avi,,
218,29/01/2015,19:56,1�521�181�136,Les.Evades.1995.FRENCH.BDRIP.XVID.AC3-HuSh.avi,,
219,02/01/2015,21:08,1�465�405�440,Les.Femmes.de.ses.reves.Truefrench.DVDRip.XviD.AC3-LiberTeam.avi,,
220,29/01/2015,19:59,1�461�538�816,Les.Insurges.TRUEFRENCH.SUBFORCED.DVDRIP.XVID-N2T.avi,,
221,14/05/2013,18:50,734�472�192,Les.Seigneurs.2012.FRENCH.BDRip.XviD-UTT.avi,,
222,26/03/2017,19:03,698�121�256,Les.Tetes.De.L.Emploi.2016.FRENCH.BRRiP.XviD-NOTAG.avi,,
223,10/11/2011,23:58,734�773�248,Les.Tuche.FRENCH.DVDRip.XviD-AYMO.avi,,
224,30/04/2012,17:13,735�276�558,Les.Visiteurs.FRENCH.BRRip.XviD-LKT.avi,,
225,14/07/2010,21:34,746�160�128,L'Extraterrestre.avi,,
226,09/05/2013,16:07,733�668�702,Life.Happens.TRUEFRENCH.DVDRip.XviD-BLOODYMARY.avi,,
227,03/07/2011,15:05,725�203�424,Limitless.UNRATED.2011.FRENCH.BDRip.REPACK.1CD.XviD-GKS.avi,,
228,30/06/2010,22:37,733�992�960,"L'invite ( Daniel Auteuil, Val�rie Lemercier, Thierry Lhermitte )( com�d",e fra,�aise (2007)
229,25/03/2011,17:48,734�896�128,Little Fockers.avi,,
230,17/07/2010,18:52,733�607�936,Livraison a domicile.avi,,
231,22/10/2011,10:24,735�176�704,London.Boulevard.2010.FRENCH.BDRiP.XViD-SEiGHT.avi,,
232,06/07/2010,15:07,735�012�864,Losers.avi,,
233,20/06/2010,13:30,733�669�376,Lovely.Bones.TRUEFRENCH.SUBFORCED.DVDRiP.XViD-FMS.avi,,
234,29/10/2011,10:56,733�904�896,Low.Cost.FRENCH.BDRip.XviD-AYMO.avi,,
235,05/07/2012,22:25,733�775�872,Ma.Premiere.Fois.2011.FRENCH.DVDRip.XviD-SHARiNG.avi,,
236,05/07/2016,21:44,1�467�363�302,Marauders.2016.HDRip.XviD.AC3-EVO.avi,,
237,26/12/2011,18:35,736�812�158,Margin.Call.2011.LiMiTED.FRENCH.DVDRiP.XViD-LEGiON.avi,,
238,23/07/2011,10:14,734�669�746,Mars needs Moms.avi,,
239,19/07/2011,20:22,734�545�920,Match Point.avi,,
240,10/01/2009,01:13,730�316�800,Max Payne.avi,,
241,29/06/2015,22:31,1�466�663�408,McFarland.usa.avi,,
242,02/07/2014,14:21,733�736�134,Mea.Culpa.2014.FRENCH.DVDRip.XviD-UTT.avi,,
243,26/12/2010,19:49,733�220�864,Meet the Fockers.avi,,
244,26/12/2010,19:49,731�450�370,Meet the Parents.avi,,
245,09/12/2012,00:25,734�218�240,Meeting.Evil.2012.LiMiTED.FRENCH.DVDRiP.XViD-FUTiL.avi,,
246,09/12/2012,00:28,743�963�964,Melancholia.2011.FRENCH.DVDRiP.XviD-PoX.avi,,
247,26/08/2013,01:30,733�833�216,Men.In.Black.1997.iNTERNAL.FRENCH.DVDRiP.XViD-S0LD13R.avi,,
248,26/08/2013,01:32,733�870�080,Men.In.Black.2.2002.iNTERNAL.FRENCH.DVDRiP.XViD-S0LD13R.avi,,
249,02/01/2015,21:23,1�468�577�792,MENSONGES.D'ETAT.TRUEFRENCH.DVDRip.XViD.AC3-EneRgY.avi,,
250,28/10/2015,14:36,1�467�811�840,Menteur.Menteur.1997.TRUEFRENCH.DVDRiP.XViD-CYRAX.avi,,
251,24/11/2014,22:46,2�202�335�232,Million.Dollar.Arm.avi,,
252,08/03/2012,18:23,733�880�328,Mineurs.27.2011.FRENCH.DVDRip.XviD-UTT.avi,,
253,28/10/2015,13:45,944�835�220,Minions.2015.TRUEFRENCH.BRRip.XviD.AC3-ViVi.avi,,
254,08/08/2011,14:41,1�414�590�576,Mise.a.Prix.TRUEFRENCH.DVDrip.XviD-lanesra13.avi,,
255,07/12/2012,00:07,737�065�664,Mon.Pire.Cauchemar.2011.FRENCH.DVDRip.XviD-UTT.avi,,
256,22/10/2011,10:47,733�880�320,Monsieur.Papa.2011.FRENCH.DVDRip.XviD-Merad.avi,,
257,13/11/2016,19:10,727�058�450,Moonwalkers.2015.FRENCH.BDRip.XViD-eVe.avi,,
258,19/07/2011,11:00,735�475�712,Morning Glory.avi,,
259,09/12/2012,00:38,732�907�520,Mr.Poppers.Pinguine.FRENCH.DVDRip.XviD-AYMO.avi,,
260,16/08/2013,18:06,1�465�229�972,Mud.2013.FRENCH.BDRip.XviD-RELiC.avi,,
261,09/12/2012,00:34,687�974�400,My boss's daughter.avi,,
262,09/12/2012,00:41,747�352�064,my sister's keeper.avi,,
263,09/03/2014,15:33,730�703�872,My.Best.Friends.Girl.TRUEFRENCH.DVDRip.XviD-AYMO.avi,,
264,25/10/2013,19:32,733�011�968,National.Security.FRENCH.DVDRiP.XviD.avi,,
265,14/10/2016,19:56,747�519�890,Nerve.2016.FRENCH.WEBRip.XViD-FUNKKY.avi,,
266,11/07/2010,10:25,731�136�000,Neuf corps.avi,,
267,01/07/2010,21:09,1�465�067�520,Ocean.s.13.FRENCH.AC3.5.1.DVDRiP.XviD.avi,,
268,25/04/2015,10:54,728�285�184,Oceans.Eleven.2001.FRENCH.DVDRiP.AC3.XViD.iNTERNAL-FH2H.avi,,
269,01/08/2010,19:06,731�007�834,Office.Space.FRENCH.DVDRip.XviD.avi,,
270,17/03/2012,20:24,1�465�679�872,On Ne Choisit Pas Sa Famille 2011 FRENCH DVDRIP XVID AC3-LEGiON.avi,,
271,25/04/2015,10:55,736�866�304,On.A.Marche.Sur.Bangkok.2014.FRENCH.SUBFORCED.DVDRIP.XVid-LYS.avi,,
272,28/02/2016,17:45,738�191�372,On.Voulait.Tout.Casser.2015.FRENCH.DVDRip.XviD-VATFER.avi,,
273,13/10/2012,21:08,735�193�300,One.In.The.Chamber.2012.TRUEFRENCH.DVDRip.XviD-UTT.avi,,
274,11/10/2013,19:34,1�438�116�078,Operation Espadon.avi,,
275,19/04/2014,12:33,1�439�052�790,Out.Of.Time.2003.FRENCH.BRRiP.XViD.AC3-HuSh.avi,,
276,07/11/2013,19:06,745�025�536,Pacific Heights.avi,,
277,10/11/2011,22:55,1�636�427�776,Panic.Room.Truefrench.DVDRip.XviD.AC3-LiberTeam.avi,,
278,12/08/2017,20:31,733�712�384,Paranoiak.avi,,
279,07/03/2016,21:19,1�468�592�171,Patriot.Games.1992.TRUEFRENCH.BRRip.XviD.AC3-sebfunix.avi,,
280,20/03/2017,20:53,1�471�624�294,Patriots.Day.2016.FRENCH.BRRiP.XviD-NOTAG.avi,,
281,19/07/2011,12:52,736�665�600,Paul.2011.FRENCH.BRRiP.XviD-AUTOPSiE.avi,,
282,29/06/2015,22:44,732�557�202,paul.blart.mall.cops.2.glups.avi,,
283,11/10/2013,19:56,786�100�225,Paycheck.TRUEFRENCH.DVDRiP.XviD-TFTD.avi,,
284,17/07/2010,14:00,730�288�128,Pedale.Douce.FRENCH.DVDRip.DiVX.avi.avi,,
285,06/06/2010,11:02,733�900�800,Pour Le Meilleur Et Pour Le Rire.avi,,
286,01/10/2010,15:56,734�474�240,Predator 2010.avi,,
287,29/01/2015,20:02,722�556�937,Predestination.2014.TRUEFRENCH.DVDRiP.XViD-ARTEFAC.avi,,
288,27/05/2014,19:43,737�810�714,Pr�t.�.Tout.2014.FRENCH.DVDRIP.XVid-LYS.avi,,
289,27/05/2013,18:38,731�637�760,Priest.2011.FRENCH.DVDRip.XviD-NERD.avi,,
290,29/12/2013,05:20,2�163�748�894,Prisoners.2013.FRENCH.BRRIP.XviD.AC3-ArRoWs.avi,,
291,08/06/2010,09:49,733�956�096,Proteger et servir.avi,,
292,11/10/2013,20:23,734�830�592,Push.avi,,
293,07/12/2012,00:25,731�055�306,Quand.Je.Serai.Petit.2012.FRENCH.DVDRip.XviD-UTT.avi,,
294,28/10/2015,14:34,734�636�039,Qui.Cest.Les.Plus.Forts.2014.FRENCH.DVDRip.XviD-VATFER.avi,,
295,06/04/2010,19:53,733�722�666,RAPT.2010.FRENCH.DVDRiP.XViD-ARTEFAC.avi,,
296,27/05/2013,18:59,733�663�232,Ratatouille.avi,,
297,29/12/2013,04:50,733�786�112,Red 2.avi,,
298,28/05/2011,21:15,734�117�888,Red Riding hood.avi,,
299,09/12/2012,02:09,734�060�547,Rencontre.Avec.Le.Mal.2012.TRUEFRENCH.DVDRiP.XviD-FMS.avi,,
300,10/07/2010,17:39,734�011�392,Repo Men.avi,,
301,05/12/2009,20:13,726�292�480,Resident Evil Apocalypse.avi,,
302,13/12/2009,09:55,733�966�336,Resident Evil Extinction.avi,,
303,08/04/2010,18:44,734�425�088,Resident Evil.avi,,
304,01/08/2011,10:38,734�212�096,Rien.A.Declarer.FRENCH.DVDRip.XviD-AYMO.avi,,
305,16/11/2011,07:31,736�325�632,Rise.Of.The.Planet.Of.The.Apes.2011.FRENCH.BDRiP.XViD-LEGiON.avi,,
306,02/02/2013,15:37,733�423�616,Road.Trip.2000.iNTERNAL.FRENCH.DVDRiP.XviD-LuFFY.avi,,
307,07/12/2012,00:36,733�517�824,Role.Models.TRUEFRENCH.DVDRiP.XViD-UNSKiLLED.avi,,
308,08/04/2010,07:04,733�761�536,RTT.avi,,
309,22/06/2013,00:05,737�434�356,Rue.Mandar.2012.FRENCH.DVDRIP.XVid-UTT.avi,,
310,23/11/2010,07:06,732�549�120,Salt.2010.DC.FRENCH.BDRiP.REPACK.1CD.XViD-LECHTI.avi,,
311,24/08/2010,19:16,733�245�440,Sans laisser de traces.avi,,
312,30/06/2013,21:53,733�945�856,Scary.Movie.2.2001.iNTERNAL.FRENCH.DVDRiP.XViD-S0LD13R.avi,,
313,30/06/2013,21:56,733�915�136,Scary.Movie.2000.iNTERNAL.FRENCH.DVDRiP.XViD-S0LD13R.avi,,
314,30/06/2013,21:31,609�222�656,Scary.Movie.3.2003.iNTERNAL.FRENCH.DVDRiP.XViD-S0LD13R.avi,,
315,30/06/2013,21:48,733�693�952,Scary.Movie.4.2006.TRUEFRENCH.DVDRip.XviD-VFC.avi,,
316,01/08/2013,08:40,734�341�438,Scary.Movie.5.2013.FRENCH.BRRiP.XviD-RELiC.avi,,
317,11/08/2011,15:51,733�790�208,Scoop.avi,,
318,18/02/2016,19:28,724�760�920,Scouts.Guide.To.The.Zombie.Apocalypse.2015.FRENCH.WEBRiP.XViD-FUNKKY.avi,,
319,03/08/2011,07:49,736�942�080,Season of the Witch.avi,,
320,08/06/2010,09:33,735�337�950,Shes.Out.Of.My.League.2010.FRENCH.BDRiP.XViD-TMY.avi,,
321,21/06/2011,02:22,734�142�464,Shrek 4.avi,,
322,20/05/2010,11:32,734�887�936,Shutter.Island.FRENCH.REPACK.1CD.BDRiP.XViD-ATeam.avi,,
323,28/02/2016,17:18,1�180�562�338,Sicario.2015.TRUEFRENCH.DVDRip.Xvid-LuNe.avi,,
324,22/06/2013,00:13,1�466�769�750,Snitch.avi,,
325,19/08/2011,00:01,734�830�592,Solitary Man 2011 FiCTiON.avi,,
326,16/06/2010,12:18,730�097�664,Solomon Kane.avi,,
327,24/11/2014,22:50,734�630�086,Son.Epouse.2014.FRENCH.DVDRip.XviD-UTT.avi,,
328,13/07/2010,14:23,733�966�336,Son.Ex.Et.Moi.The Ex.2006.FRENCH.DVDRiP.XViD.avi,,
329,19/07/2011,16:05,1�470�017�536,Soul Surfer 2011 French SubFroced BRRip XviD Ac3 FwD.avi,,
330,19/07/2011,16:44,734�009�344,Source.Code.FRENCH.DVDRip.XviD-AYMO.avi,,
331,09/12/2012,02:18,1�157�273�608,Specialistes.avi,,
332,12/06/2017,21:04,1�456�793�600,Spy Game Truefrench Subforced Dvdrip Xvid AC3-EdP.avi,,
333,12/12/2012,13:02,733�976�576,Steak.avi,,
334,21/01/2013,16:18,734�035�968,Stolen.2012.LiMiTED.FRENCH.DVDRiP.XViD-FUTiL.avi,,
335,15/09/2011,08:23,734�828�544,Stone.2011.TRUEFRENCH.SubForced.DVDRip.XviD-Steph.avi,,
336,24/03/2012,21:10,733�736�960,Straw.Dogs.2011.TRUEFRENCH.DVDRip.XviD-Lurie.avi,,
337,21/01/2010,11:52,735�866�880,Street.Fighter.Legend.of.Chun.LI.2010.TRUEFRENCH.DVDRIP.XVID-BN.DIV.avi,,
338,11/07/2010,23:20,1�423�110�144,Stuck on You.avi,,
339,13/03/2016,15:09,1�484�847�104,Suffragette.2015.FRENCH.BDRip.XviD.AC3-GLUPS.avi,,
340,19/11/2011,19:13,733�057�024,Super.8.2011.TRUEFRENCH.DVDRiP.XviD-AUTOPSiE.avi,,
341,28/02/2016,17:44,1�475�446�036,Survivor.2015.FRENCH.BRRiP.XviD.AC3-DREAM.avi,,
342,30/12/2010,13:53,733�652�992,switch.avi,,
343,26/08/2013,01:14,732�360�704,TAD.The.Lost.Explorer.2012.Rerip.TRUEFRENCH.DVDRip.XviD-UTT.avi,,
344,25/04/2015,11:03,730�881�744,Taken.3.avi,,
345,03/01/2009,12:31,733�724�672,Taken.avi,,
346,20/12/2010,20:17,735�168�512,Takers.avi,,
347,07/12/2012,03:04,733�175�808,Taking.Lives.Destins.Violes.FRENCH.DVDRiP.AC3.x264-EnJoY.avi,,
348,30/01/2016,15:22,1�465�922�052,Ted.2.2015.TRUEFRENCH.BRRiP.XviD-Slay3R.avi,,
349,24/10/2010,21:57,733�992�960,The A-team.avi,,
350,30/08/2010,14:17,734�375�936,The back-up plan.avi,,
351,06/07/2012,11:14,732�267�140,The Break Up.avi,,
352,14/06/2010,22:13,740�691�968,The Chronicles of Riddick.avi,,
353,25/10/2013,21:51,731�789�828,The Croods 2013.avi,,
354,11/12/2012,12:39,2�099�499�778,The Departed.avi,,
355,11/11/2010,10:04,735�516�672,The expendables.avi,,
356,01/08/2011,08:43,770�469�888,The Eye TRUEFRENCH DVDRIP XVID.avi,,
357,09/12/2012,02:24,1�466�999�744,The Five Year Engagement 2012 FRENCH UNRATED DVDRip XViD-FUZION.avi,,
358,06/02/2012,10:03,734�509�056,The Forgotten.avi,,
359,30/03/2009,19:18,732�962�816,The Girl Next Door.avi,,
360,23/11/2014,21:02,735�268�870,The Giver.avi,,
361,23/01/2014,17:32,731�802�030,the hangover part III.avi,,
362,24/12/2009,07:44,733�523�968,The Hangover.avi,,
363,19/01/2011,22:16,734�724�404,The Heartbreak Kid.avi,,
364,22/06/2013,00:16,735�879�168,The Incredible Burt Wonderstone 2013 FRENCH BDRiP XviD-CARPEDIEM.avi,,
365,11/10/2013,20:04,2�202�816�512,The Internship 2013.avi,,
366,28/02/2012,04:34,733�566�976,The Island french dvdrip.avi,,
367,13/08/2010,17:03,736�751�616,The Joneses.avi,,
368,14/01/2015,21:07,2�202�865�664,The Judge.avi,,
369,25/09/2010,17:46,732�131�328,The killer inside me.avi,,
370,02/07/2014,15:31,1�465�780�224,The Last Days on Mars 2013 LiMiTED FRENCH BRRiP XviD AC3-CARPEDIEM.avi,,
371,29/01/2015,20:18,1�491�773�440,The Longest Week.avi,,
372,14/06/2009,14:51,737�452�032,The Matrix Revolutions.avi,,
373,28/10/2015,13:55,1�561�656�496,The Prestige 2006 FRENCH BDRiP XViD-WATB.avi,,
374,30/03/2010,22:31,730�908�672,The Reaping.avi,,
375,21/01/2013,17:17,1�465�608�192,The Secret 2012 TRUEFRENCH  SUBFORCED  DVDRIP XVID AC3-VH.avi,,
376,09/12/2012,01:12,733�716�480,The Siege.avi,,
377,01/05/2014,10:59,733�927�424,the Social Network.avi,,
378,09/03/2011,07:09,731�701�248,The tourist.avi,,
379,07/12/2012,04:08,733�679�616,The Weather.Man.TRUEFRENCH.DVDRIP.XVID-TFTD.avi,,
380,01/08/2011,10:20,733�869�772,The.Adjustment.Bureau.2011.TRUEFRENCH.BDRip.REPACK.1CD.XviD-LKT.avi,,
381,31/07/2014,12:00,1�469�374�464,The.Art.of.the.Steal.2013.FRENCH.DVDRip.XviD.AC3-S.V.avi,,
382,01/05/2014,10:19,732�963�912,The.Bag.Man.2014.FRENCH.BRRiP.XviD-ARTEFAC.avi,,
383,01/05/2014,10:57,1�475�680�228,The.Best.Man.Holiday.2013.FRENCH.DVDRip.XviD-tJ0.avi,,
384,13/08/2013,18:26,733�016�346,The.Big.Wedding.avi,,
385,19/06/2010,09:01,733�790�208,The.Bounty.Hunter.2010.FRENCH.DVDRiP.XviD.REPACK.1CD-EXTREME.avi,,
386,14/08/2017,11:37,746�808�394,The.Circle.2017.FRENCH.BRRiP.XviD-ReBoT.avi,,
387,09/12/2012,02:27,731�901�952,The.Dictator.2012.FRENCH.BDRip.XviD-Ulysse.avi,,
388,09/12/2012,02:30,734�648�320,The.Dilemma.2011.TRUEFRENCH.BDRiP.avi,,
389,09/12/2012,02:34,730�767�360,The.Double.2011.FRENCH.DVDRip.XViD-TRiPPER.avi,,
390,29/01/2015,20:10,1�466�009�600,The.Drop.2014.FRENCH.BRRip.XviD.AC3-CARPEDIEM.avi,,
391,29/12/2009,08:22,733�937�664,The.Final.Destination.2009.PROPER.FRENCH.BDRip.XviD-SURViVAL.avi,,
392,21/05/2016,11:00,744�483�856,The.Forest.2016.FRENCH.BDRiP.XVID-EVE.avi,,
393,06/03/2010,09:07,733�589�504,The.Fourth.Kind.FRENCH.DVDRiP.XViD-SURViVAL.avi,,
394,25/04/2015,11:23,732�856�122,the.gambler.avi,,
395,19/12/2015,11:33,1�728�632�630,The.Gunman.2015.TRUEFRENCH.DVDRip.Xvid.AC3-LuNe.avi,,
396,16/11/2011,11:21,734�920�704,The.Hangover.Part.II.2011.FRENCH.BDRip.XviD-NERD.avi,,
397,08/05/2016,13:50,1�472�612�350,The.Hunger.Games.Mockingjay.Part.1.2014.TRUEFRENCH.BDRip.XviD-UTT.avi,,
398,02/06/2010,16:19,733�755�392,The.Hunting.Party.Truefrench.DVDRIP.XVid-alonzo.avi,,
399,13/11/2016,19:13,1�480�334�662,The.Infiltrator.2016.FRENCH.BDRip.XViD-FUNKKY.avi,,
400,29/01/2010,21:47,734�181�376,The.Informant.FRENCH.REPACK.1CD.BDRiP.XviD-ATeam.avi,,
401,19/11/2016,12:19,733�404�854,The.Late.Bloomer.2016.TRUEFRENCH.WEB-DL.XviD-Slay3R.avi,,
402,02/01/2015,21:25,735�289�210,The.Maze.Runner.avi,,
403,12/04/2011,09:02,734�296�064,The.Next.Three.Days.2010.FRENCH.REPACK.BDRiP.XViD-RAW.avi,,
404,18/11/2012,11:07,733�042�688,The.Penguins.Of.Madagascar.Operation.Antartica.avi,,
405,03/05/2012,10:13,733�900�800,The.Penguins.of.Madagascar.Operation.Get.Ducky.2012.FRENCH.DVDRiP.XViD-P,eR2Me,avi
406,17/02/2016,02:16,732�087�352,The.Perfect.Guy.2015.FRENCH.DVDRip.Xvid-LuNe.avi,,
407,29/07/2013,19:55,1�469�528�064,The.Place.Beyond.The.Pines.2012.TRUEFRENCH.DVDRip.XviD-UTT.avi,,
408,17/02/2016,02:14,1�473�912�814,The.Program.2015.FRENCH.WEBRiP.XviD-RAF.avi,,
409,23/11/2014,21:01,733�718�528,The.Purge.avi,,
410,21/04/2014,12:29,1�309�976�576,The.Road.2009.TRUEFRENCH.DVDRiP.XViD.AC3-HuSh.avi,,
411,17/04/2011,17:01,732�438�528,the.roommate.2011.french.bdrip.xvid-fwd.avi,,
412,30/01/2016,15:28,1�298�509�232,The.Runner.2015.FRENCH.BRRip.XviD-AM84.avi,,
413,09/12/2012,02:41,731�617�280,The.Son.of.No.One.2011.LiMiTED.FRENCH.BDRip.XviD-4kSD.avi,,
414,09/01/2010,16:30,734�124�032,The.Stepfather.UNRATED.FRENCH.DVDRiP.XViD-SURViVAL.avi,,
415,23/01/2014,18:04,738�611�200,The.Sweeter.Side.Of.Life.2013.FRENCH.DVDRiP.STVFRV.avi,,
416,15/11/2009,09:16,706�469�740,The.Taking.Of.Pelham.2009.REPACK.FRENCH.DVDRiP.XViD-ARTEFAC.avi,,
417,08/06/2010,20:19,739�796�992,The.Thaw.2010.TRUEFRENCH.DVDRIP.XVID-ARTEFAC.avi,,
418,07/12/2012,04:05,734�203�904,The.Three.Stooges.2012.TRUEFRENCH.BDRip.XviD-TiCKETS.avi,,
419,04/12/2010,10:27,730�477�910,The.Town.FRENCH.DVDRip.Repack.1CD.XviD-FMS.avi,,
420,07/12/2012,04:12,734�849�024,The.Women.avi,,
421,02/01/2013,13:40,735�096�832,The.Words.2012.FRENCH.DVDRiP.XViD-FUTiL.avi,,
422,25/04/2015,11:28,1�631�932�416,Third Person.avi,,
423,07/12/2012,04:15,735�719�424,This.Means.War.2012.UNRATED.FRENCH.BRRiP.XviD-AUTOPSiE.avi,,
424,23/01/2014,17:38,737�859�962,Tip.Top.2013.FRENCH.DVDRIP.XVid.UTT.avi,,
425,19/12/2015,11:04,1�788�377�088,Tomorrowland.2015.TRUEFRENCH.DVDRip.Xvid-LuNe.avi,,
426,09/12/2012,02:44,734�205�582,Torpedo.2012.FRENCH.DVDRip.XviD-BLOODYMARY.avi,,
427,29/08/2010,09:05,724�228�684,Tout Doit Disparaitre.avi,,
428,27/05/2015,20:03,734�698�584,tracers.glups.avi,,
429,01/07/2013,20:30,731�736�064,Trespass.LiMiTED.FRENCH.BDRiP.XViD-4kSD.avi,,
430,09/12/2012,02:48,731�932�672,Trop loin pour toi.avi,,
431,24/07/2013,20:33,734�922�752,Tropic.Thunder.FRENCH.DVDRiP.XviD-ULTRASON.avi,,
432,25/03/2016,20:25,1�847�809�260,Truth.2015.FRENCH.BRRip.XviD-AM84.avi,,
433,25/10/2013,21:52,732�072�642,Turf.2013.FRENCH.DVDRip.XviD-ARTEFAC.avi,,
434,23/08/2013,14:27,2�202�509�312,Twilight.Chapitre.1.FASCINATION.2008.TRUEFRENCH.BDRiP.XviD.AC3-Visual.av,,
435,23/08/2013,14:57,2�197�749�760,Twilight.Chapitre.2.TENTATION.2009.TRUEFRENCH.BDRiP.XviD.AC3-Visual.avi,,
436,23/08/2013,14:48,2�203�019�264,Twilight.Chapitre.3.HESITATION.2010.TRUEFRENCH.BDRiP.XviD.AC3-Visual.avi,,
437,23/08/2013,14:35,1�466�505�216,Twilight.Chapitre.4.REVELATION.1ere.Partie.2011.TRUEFRENCH.BDRiP.XviD.AC,-Visu,l.avi
438,23/08/2013,14:13,1�465�917�440,Twilight.Chapitre.5.REVELATION.2e.Partie.2012.TRUEFRENCH.BDRiP.XviD.AC3-,isual,avi
439,07/12/2012,04:28,734�352�770,Un.bonheur.n.arrive.jamais.seul.2012.FRENCH.DVDRip.XviD-BLOODYMARY.avi,,
440,01/07/2010,22:22,1�438�283�816,Un.Homme.A.Part.TrueFrench.SubForced.DvdRip.XviD.AC3.TFTD.avi,,
441,07/12/2012,04:32,732�893�676,Un.Jour.Mon.Pere.Viendra.2012.FRENCH.DVDRiP.XviD-BLOODYMARY.avi,,
442,07/12/2012,04:36,733�243�392,Un.Mari.De.Trop.FRENCH.DVDRip.XviD-ZANBiC.avi,,
443,13/03/2016,15:35,1�474�545�126,Un.Moment.D.Egarement.2014.FRENCH.BDRiP.XviD-Slay3R.avi,,
444,23/01/2014,18:19,1�475�756�032,Underworld.avi,,
445,23/01/2014,18:15,1�476�096�000,Underworld.Evolution.avi,,
446,23/01/2014,18:10,1�476�108�288,Underworld.Le.Soulevement.Des.Lycans.avi,,
447,23/01/2014,18:12,1�476�446�208,Underworld.Nouvelle.Ere.avi,,
448,29/04/2010,19:23,733�734�912,Une affaire d'�tat.avi,,
449,14/08/2010,20:34,717�066�742,Une journ�e de merde.avi,,
450,28/06/2011,19:22,733�810�688,Une pure affaire.avi,,
451,08/08/2010,10:56,718�985�784,Une Soire�e Parfaite French Dvdrip Xvid.avi,,
452,01/08/2011,11:12,737�286�144,Unknown.2011.TRUEFRENCH.BRRiP.XviD-AUTOPSiE.avi,,
453,07/02/2011,18:38,734�785�536,Unstoppable.avi,,
454,03/03/2016,19:47,740�670�890,Victor.Frankenstein.2015.FRENCH.VFQ.WEB-DL.XVID-Godhunter.avi,,
455,07/12/2012,04:40,734�062�592,Wanderlust.2012.FRENCH.BDRip.XviD-NERD.avi,,
456,13/11/2016,18:43,736�840�006,War.Dogs.2016.REPACK.1CD.SUBFORCED.FRENCH.BRRIP.XviD-ShowFr.avi,,
457,09/12/2012,02:51,737�099�658,Wasabi FRENCH DVDRip XviD.avi,,
458,20/07/2013,21:07,733�820�928,Welcom to the Punch.avi,,
459,24/11/2014,23:05,2�413�676�544,Welcome.To.New.York.avi,,
460,13/03/2016,15:21,2�220�394�496,What Lies Beneath.avi,,
461,03/03/2016,19:46,732�211�200,What.Just.Happened.avi,,
462,21/06/2011,09:14,735�518�720,Whatever Works.avi,,
463,14/06/2010,20:41,1�465�174�016,When.In.Rome.2010.FRENCH.DVDRIP.XVID.AC3-KNOB.avi,,
464,26/05/2010,19:23,733�474�816,Wild Hogs.avi,,
465,09/08/2013,18:44,734�007�296,Wild Wild West.avi,,
466,10/02/2013,02:04,732�864�512,Wild.Child.FRENCH.DVDRip.Xvid.avi,,
467,13/03/2016,15:18,1�438�896�432,Witness.1985.FRENCH.BRRiP.XViD.AC3-HuSh.avi,,
468,04/08/2010,18:25,734�617�600,Worlds greatest dad.avi,,
469,23/08/2015,12:44,1�476�444�160,Yamakasi.2001.FRENCH.DVDRiP.XViD.AC3-S.V.avi,,
470,24/06/2017,13:21,733�868�032,Year.One.UNRATED.FRENCH.DVDRip.XViD-SURVIVAL.avi,,
471,24/06/2017,12:52,753�068�992,Yoga.Hosers.2016.FRENCH.WEBRiP.XviD-NOTAG.avi,,
472,01/08/2011,09:29,734�248�960,Your.Highness.2011.UNRATED.FRENCH.BDRip.REPACK.1CD.XviD-RAW.avi,,
473,12/10/2018,21:59,44�032,Thumbs.db,,
474,14/09/2019,22:19,8�196,.DS_Store,,
475,21/05/2016,10:38,1�093�407�181,10.Cloverfield.Lane.2016.FRENCH.MD.WEBRip.x264-ViKi47.mkv,,
476,09/08/2013,18:09,675�197�802,11.6.2013.FRENCH.BDRip.x264-AYMO.mkv,,
477,07/11/2013,19:18,744�190�534,2.Guns.2013.FRENCH.BDRip.x264-AYMO.mkv,,
478,26/08/2013,00:11,5�027�152�320,42.2013.FRENCH.720p.BluRay.x264-CARPEDIEM.mkv,,
479,18/04/2014,18:39,1�467�831�850,47.Ronin.2013.FRENCH.SUBFORCED.BRRip.x264.AC3-FUNKY.mkv,,
480,11/08/2017,21:39,3�879�937�492,A.Bras.Ouverts.2017.FRENCH.1080p.WEB.H264-PiCKLES.mkv,,
481,01/05/2014,11:08,492�490�096,A.Case.Of.You.2013.FRENCH.BDRip.x264-PRiDEHD.mkv,,
482,12/06/2017,20:55,5�866�847�173,A.Cure.for.Wellness.2016.FRENCH.720p.BluRay.x264-VENUE.mkv,,
483,29/04/2017,23:14,827�553�895,A.Fond.2016.FRENCH.BDRip.x264-PRiDEHD.mkv,,
484,30/05/2013,13:10,6�218�276�557,A.Good.Day.To.Die.Hard.2013.READNFO.PROPER.EXTENDED.TRUEFRENCH.720p.BluR,y.x26,-AUTOPSiEHD.
485,13/05/2013,18:47,1�468�183�624,A.L.Aveugle.2012.FRENCH.BRRip.x264.AC3-FUNKY.mkv,,
486,02/01/2015,19:46,1�468�906�207,A.Walk.Among.The.Tombstones.2014.FRENCH..WEB-DL.x264.AC3-LiBERTY.mkv,,
487,14/02/2016,20:51,1�026�268�185,A.Walk.in.the.Woods.2015.FRENCH.BDRip.x264-PRiDEHD.mkv,,
488,12/02/2014,18:13,745�234�475,About.Time.2013.LiMiTED.TRUEFRENCH.SUBFORCED.BDRip.x264.mkv,,
489,26/08/2013,00:45,1�468�022�748,Ace.Ventura.Pet.Detective.1994.FRENCH.BRRip.x264.AC3-FUNKY.mkv,,
490,12/06/2017,21:14,500�297�152,Aftermath.2017.FRENCH.BRRiP.x264-NLX5.mkv,,
491,29/01/2015,20:19,842�909�484,Alexander.and.the.Terrible.Horrible.No.Good.Very.Bad.Day.2014.FRENCH.BDR,p.x26,.AC3-S.V.mkv
492,24/06/2017,12:51,774�203�772,Alibi.com.2017.FRENCH.BDRip.x264-PRiDEHD.mkv,,
493,10/06/2015,21:47,2�201�743�609,Alien.3.1992.Special.Edition.FRENCH.SUBFORCED.BRRip.x264.AC3-FUNKY.mkv,,
494,13/08/2017,14:03,2�856�761�693,Alien.Covenant.2017.MULTi.1080p.EncoDam-x265.mkv,,
495,12/02/2014,18:12,694�340�605,All.Is.Lost.2013.RERiP.FRENCH.BDRip.x264-FUTiL.mkv,,
496,19/02/2017,14:34,760�124�582,Allied.2016.FRENCH.WEBRip.x264-PiCKLES.mkv,,
497,28/01/2017,15:30,784�553�661,Almost.Christmas.2016.FRENCH.BDRip.x264-VENUE.mkv,,
498,06/02/2019,20:25,742�834�431,Alone.2019.FRENCH.WEB.x264-FRATERNiTY.mkv,,
499,21/05/2017,16:19,589�640�734,American.Pastoral.2016.FRENCH.BDRip.x264-PRiDEHD.mkv,,
500,27/05/2015,19:41,2�202�490�785,American.Sniper.2014.FRENCH.SUBFORCED.BRRip.x264.AC3-SP3CTR3.mkv,,
501,30/01/2016,14:56,1�318�714�334,American.ultra.2015.FRENCH.BRRiP.x264.AC3-KiKi.mkv,,
502,07/09/2016,11:42,1�228�189�375,Angry.Birds.2016.FRENCH.BDRip.x264-VENUE.mkv,,
503,19/12/2015,11:31,1�476�486�473,Antigang.2015.TRUEFRENCH.BRRiP.x264.AC3-Yoda.mkv,,
504,23/03/2017,21:31,5�152�639�444,Ant-Man.2015.MULTi.1080p.WEB-DL.DD5.1.H264-KiKi.mkv,,
505,02/07/2016,13:03,5�147�523�907,Apollo.13.FRENCH.BluRay.720p.AC3.X264.NOTAG.mkv,,
506,24/12/2012,15:45,1�466�014�423,Arbitrage.2012.LiMiTED.FRENCH.BRRip.x264.AC3-FUNKY.mkv,,
507,02/02/2013,19:10,4�690�723�734,Argo 2012 FRENCH 720p BluRay x264-CARPEDIEM.mkv,,
508,26/03/2017,19:26,1�469�152�228,Arrival.2016.FRENCH.WEBRiP.x264-NLX5.mkv,,
509,23/03/2017,21:22,1�468�866�049,Assassins.Creed.2016.FRENCH.WEBRiP.x264-NLX5.mkv,,
510,13/11/2016,17:59,679�596�419,bad.moms.2016.french.bdrip.x264-zest.mkv,,
511,05/07/2016,19:15,2�009�500�479,Batman.v.Superman.Dawn.of.Justice.2016.MULTi.EXTENDED.BDRip.x264-BuLLSHi,.mkv,
512,08/10/2011,12:44,5�107�861�517,battle Los Angeles.mkv,,
513,04/08/2012,14:14,10�567�379�058,Battleship.2012.MULTi.1080p.BluRay.x264-LOST.mkv,,
514,21/05/2017,16:25,1�069�052�867,Beauty.And.The.Beast.2017.FRENCH.BDRip.x264-PRiDEHD.mkv,,
515,12/06/2017,21:14,378�169�158,Before.I.Fall.2017.FRENCH.BDRip.x264-BaliBalo.mkv,,
516,05/12/2016,23:07,2�197�804�939,Ben.Hur.2016.FRENCH.BDRip.x264.AC3-KiKi.mkv,,
517,28/10/2015,14:52,685�103�995,Big Game.x264.mkv,,
518,30/01/2016,14:58,564�044�672,Black.Mass.2015.FRENCH.BDRip.x264-PRiDEHD.mkv,,
519,21/04/2014,12:13,975�062�738,blood.ties.2013.french.bdrip.x264-akatsuki.mkv,,
520,05/12/2016,23:02,837�171�000,Bridget.Joness.Baby.2016.FRENCH.BDRip.x264-VENUE.mkv,,
521,26/04/2013,21:34,4�686�859�982,Broken.City.2013.FRENCH.720p.BluRay.DTS.x264-TMB.mkv,,
522,12/07/2010,21:02,4�683�113�910,Brooklyn's Finest.mkv,,
523,29/06/2016,21:02,573�434�085,burnt.2015.truefrench.bdrip.x264-melba.mkv,,
524,12/06/2016,20:33,720�334�870,By.the.Sea.2015.LiMiTED.FRENCH.BRRip.x264-Cortex91.mkv,,
525,28/10/2015,14:50,876�390�115,Cake.2014.LIMITED.FRENCH.SUBFORCED.BRRip.x264.AC3-S.V.mkv,,
526,03/08/2014,10:23,6�411�253�729,Captain.America.The.Winter.Soldier.2014.FRENCH.720p.BluRay.x264.DTS-EXTR,ME.mk,
527,23/01/2014,17:41,1�048�417�109,Captain.Phillips.2013.FRENCH.DVDRip.x264-TiCKETS.mkv,,
528,28/02/2016,17:06,1�064�055�721,Catch Me If You Can 2002 TRUEFRENCH 720p x264 [MorphisM].mkv,,
529,30/05/2015,12:53,1�349�802�596,Chappie.mkv,,
530,27/05/2015,20:00,958�634�975,Chef.2014.TRUEFRENCH.BRRip.x264.AC3-S.V.mkv,,
531,13/03/2016,14:48,3�914�492�578,Christmas.Eve.2015.1080p.WEB-DL.DD5.1.H264-RARBG.mkv,,
532,13/07/2010,00:31,7�636�417�394,Clash.Of.The.Titans.2010.MULTi.1080p.BluRay.x264-SSL FRENCH BY MOMO.mkv,,
533,23/01/2014,17:21,1�467�482�354,Cleanskin.2012.TRUEFRENCH.SUBFORCED.BRRip.x264.AC3-FUNKY.mkv,,
534,21/01/2017,18:09,897�014�064,Clinical.2017.FRENCH.WEBRiP.x264-KiRa.mkv,,
535,12/06/2017,21:16,1�467�580�614,Collateral.Beauty.2016.FRENCH.BRRiP.x264.AC3-NLX5.mkv,,
536,12/06/2017,21:17,726�838�797,Collide.2016.FRENCH.BDRiP.x264-LOL.mkv,,
537,13/03/2016,14:49,607�357�154,Concussion.2015.FRENCH.BDRip.x264-VENUE.mkv,,
538,13/11/2016,18:02,759�971�509,Confirmation.2016.FRENCH.BDRip.x264-VENUE.mkv,,
539,01/05/2014,11:14,2�201�546�412,Constantine.2005.FRENCH.SUBFORCED.BRRip.x264.AC3-FUNKY.mkv,,
540,13/11/2016,19:00,2�829�433�003,Consumed.2015.FRENCH.720p.WEBRip.x264-D3.mkv,,
541,18/02/2016,19:16,796�628�954,Creed.2015.FRENCH.BDRip.x264-VENUE.mkv,,
542,15/07/2016,19:50,794�338�656,Criminal.2016.FRENCH.BRRIP.x264-ShowFr.mkv,,
543,13/03/2016,15:25,1�482�133�718,Criminal.Activities.2015.FRENCH.BRRip.x264.AC3-KiKi.mkv,,
544,27/05/2015,19:58,799�320�028,Cut.Bank.2014.FRENCH.BRRip.X264.AC3-S.V.mkv,,
545,13/03/2016,14:52,690�438�924,Daddys Home 2015.mkv,,
546,23/06/2016,21:40,1�068�171�264,Dads.Army.2016.FRENCH.BRRiP.x264.AC3-Yoda.mkv,,
547,16/09/2012,12:19,8�529�838�955,Dark.Shadows.2012.MULTi.1080p.BluRay.x264-LOST.mkv,,
548,19/05/2012,18:24,3�510�011�849,Dark.Tide.2012.LiMiTED.FRENCH.720p.BluRay.x264-LOST.mkv,,
549,27/05/2010,22:33,9�002�738�138,Daybreakers.2009 MULTi 1080p BluRay x264-Metis.mkv,,
550,27/03/2013,23:25,4�695�241�229,De.L.Autre.Cote.Du.Lit.FRENCH.720p.BluRay.x264-ForceBleue.mkv,,
551,13/07/2013,15:18,1�466�772�429,Dead.Man.Down.2013.REPACK.FRENCH.SUBFORCED.BRRip.x264.AC3-FUNKY.mkv,,
552,20/08/2017,13:27,2�760�896�112,Deadpool (2016) - [1080p] DTS 5.1 x265.mkv,,
553,05/12/2016,23:09,1�267�188�218,Debarquement.Immediat.2016.FRENCH.DVDRip.x264.AC3-Notag.mkv,,
554,02/01/2017,21:02,1�468�379�595,Deepwater.Horizon.2016.FRENCH.BRRiP.x264-NLX5.mkv,,
555,29/06/2015,22:22,2�204�953�482,Defiance.2008.FRENCH.SUBFORCED.BRRip.x264.AC3-CHARTAIR.mkv,,
556,29/01/2015,19:23,2�200�603�828,Deja.Vu.2006.FRENCH.SUBFORCED.BRRip.x264.AC3-FUNKY.mkv,,
557,02/04/2017,11:40,1�496�024�856,Demain.Tout.Commence.2016.FRENCH.BDRip.x264.AC3-KiKi.mkv,,
558,23/06/2016,21:46,634�725�561,Demolition.2015.FRENCH.WEBRip.x264-SVR.mkv,,
559,21/05/2016,10:45,4�692�029�011,Dirty.Grandpa.2016.FRENCH.720p.BluRay.x264-LOST.mkv,,
560,17/10/2013,21:44,1�468�377�125,District.9.2009.FRENCH.SUBFORCED.BRRip.x264.AC3-FUNKY.mkv,,
561,31/07/2014,11:45,2�208�009�066,Divergent.2014.FRENCH.WEBrip.x264.AC3-VERSUS.mkv,,
562,27/03/2013,22:29,10�560�878�804,Django.Unchained.2012.FRENCH.1080p.BluRay.x264-LOST.mkv,,
563,19/02/2017,14:31,4�359�310�328,Doctor.Strange.2016.MULTi.1080p.WEB-DL.H.264-NEWCiNE.mkv,,
564,17/11/2014,20:38,1�023�796�572,Draft Day.mkv,,
565,11/10/2013,19:15,4�857�731�845,Eagle.Eye.2008.MULTi.720p.BluRay.x264-RiV3R.mkv,,
566,11/08/2017,20:12,412�204�149,Eat.Local.2017.FRENCH.BRRip.x264-LiBERTAD.mkv,,
567,12/06/2016,20:36,793�130�891,Eddie.The.Eagle.2016.FRENCH.WEBRip.x264-CrocoPik.mkv,,
568,29/12/2013,05:11,4�685�743�341,Elysium.2013.FRENCH.720p.BluRay.x264-NERDHD.mkv,,
569,10/02/2014,21:13,4�682�072�779,Enders.Game.2013.FRENCH.720p.BluRay.AC3.x264.mkv,,
570,30/01/2016,14:59,585�051�958,Enrage.2015.mkv,,
571,21/06/2013,20:09,671�802�057,Escape.from.Planet.Earth.2013.FRENCH.BDRip.x264-AYMO.mkv,,
572,08/08/2011,16:03,1�678�201�636,Eternal.Sunshine.of.the.Spotless.Mind.2004.MULTI.TRUEFRENCH.DVDRiP.AC3.x,64-HE,VYMENTAL.mkv
573,13/03/2016,14:55,629�529�686,Etudiante et Monsieur Henri 2015.mkv,,
574,17/02/2016,02:27,4�295�972�725,Everest.2015.FANSUB.VOSTFR.1080p.WEB-DL.AAC.H264-Poney.mkv,,
575,29/06/2015,22:19,1�472�406�934,Ex.Machina.2015.FRENCH.SUBFORCED.BRRip.x264.AC3-CHARTAIR.mkv,,
576,24/04/2015,23:18,5�864�552�547,Exodus.Gods.and.Kings.2014.FRENCH.720p.BluRay.x264-LOST.mkv,,
577,23/11/2014,21:03,928�323�302,Expendable 3.mkv,,
578,20/03/2017,21:09,5�991�015�185,Fantastic.Beasts.and.Where.to.Find.Them.2016.FRENCH.720p.BluRay.x264-NLX,.mkv,
579,28/10/2015,14:12,588�706�383,Fantastic.Four.2015.FRENCH.BDRIP.x264-ShowFr.mkv,,
580,02/02/2013,12:44,5�833�518�698,Fast and Furious 1 2001 Blu-ray 720p Multi DTS x264 - Kira.mkv,,
581,02/02/2013,14:42,5�871�421�485,Fast and Furious 2 2003  Blu-ray 720p Multi DTS x264 - Kira.mkv,,
582,02/02/2013,11:59,5�686�630�828,Fast and Furious 3 2006 Blu-ray 720p Multi DTS x264 - Kira.mkv,,
583,02/02/2013,14:03,5�828�036�498,Fast and Furious 4 2009 Blu-ray 720p Multi DTS x264 - Kira.mkv,,
584,02/02/2013,15:23,7�116�214�660,Fast and Furious 5 2011 Blu-ray 720p Multi DTS x264 - Kira.mkv,,
585,11/10/2013,19:27,8�027�151�193,Fast.And.Furious.6.2013.EXTENDED.REPACK.MULTi.TRUEFRENCH.720p.BluRay.DTS,x264-,rIeNdS.mkv
586,12/08/2017,20:15,7�928�070�876,Fast.And.Furious.8.2017.TRUEFRENCH.1080p.BluRay.DTS.HEVC-QUALiTY.mkv,,
587,21/05/2017,16:35,687�775�670,Faut.Pas.Lui.Dire.2017.FRENCH.WEBRip.x264.AC3-BaliBalo.mkv,,
588,21/05/2017,16:26,652�202�142,Fifty.Shades.Darker.2017.UNRATED.FRENCH.BDRip.x264-LOST.mkv,,
589,01/02/2017,21:29,623�455�564,Fifty.Shades.of.Black.2016.FRENCH.BDRip.x264.AC3-BaliBalo.mkv,,
590,27/05/2015,19:56,901�176�737,Fifty.Shades.of.Grey.2015.UNRATED.VOSTFR.BRRip.x264.AC3-S.V.mkv,,
591,13/11/2016,19:03,1�455�892�028,Finding.Dory.2016.TRUEFRENCH.BDRip.x264.AC3-KiKi.mkv,,
592,12/08/2017,20:33,1�364�148�199,First.Blood.1982.MULTi.BRRip.x264.AC3-MuskeTeerS.mkv,,
593,10/02/2013,01:51,7�434�374�377,Flight.2012.MULTi.720p.BluRay.x264-KLMT.mkv,,
594,25/10/2013,19:30,1�465�488�122,For.A.Good.Time.Call.2012.TRUEFRENCH.SUBFORCED.BRRip.x264.AC3-FUNKY.mkv,,
595,25/04/2012,11:52,8�211�144�015,Forces.Speciales.2011.FRENCH.1080p.BluRay.x264-ROUGH.mkv,,
596,01/05/2014,10:24,1�216�506�390,Free.Birds.2013.MULTi.TRUEFRENCH.DVDRip.x264-SPACED.mkv,,
597,06/02/2019,20:28,812�362�387,Freres.Ennemis.2018.FRENCH.BDRip.x264-NEO.mkv,,
598,14/01/2015,21:35,11�727�209�166,Fury.2014.MULTi.1080p.BluRay.x264-ROUGH.mkv,,
599,01/05/2014,10:28,2�749�297�847,Gangs.Of.New-York.2002.MULTi.TRUEFRENCH.BRRip.x264.AC3-MuskeTeerS.mkv,,
600,12/05/2013,10:26,4�687�822�517,Gangster.Squad.2013.FRENCH.720p.BluRay.x264-CMBHD.mkv,,
601,14/08/2017,12:01,768�069�740,Gangsterdam.sd.mkv,,
602,09/07/2017,23:21,4�477�895�720,Ghost.In.The.Shell.2017.MULTi.1080p.WEB.H264-SiGeRiS.mkv,,
603,21/05/2016,10:54,4�795�946�407,Gods.of.Egypt.2016.FRENCH.720p.BluRay.x264-Cortex91.mkv,,
604,14/08/2017,12:02,682�349�094,Going.in.Style.2017.FRENCH.BDRip.x264-PRiDEHD.mkv,,
605,02/01/2015,19:51,2�200�630�133,Gone Girl 2014 FRENCH BRRiP x264 AC3-CARPEDIEM.mkv,,
606,10/02/2014,21:01,9�395�277�262,Gravity.2013.MULTi.1080p.BluRay.AC3.DTSMA.x264-MEDiUM.mkv,,
607,10/01/2012,15:49,8�533�482�631,Green.Lantern.2011.MULTi.1080p.BluRay.x264-LEGiON.mkv,,
608,12/08/2017,20:02,5�211�428�699,Guardians of the Galaxy Vol. 2 (2017).mkv,,
609,29/01/2015,19:45,5�864�670�262,guardians.of.the.galaxy.2014.french.720p.bluray.x264-lost.mkv,,
610,24/06/2011,10:40,4�683�965�649,Hall Pass.mkv,,
611,03/01/2009,00:28,4�696�695�261,Hancock.UNRATED.FRENCH.720p.BluRay.x264-ForceBleue.mkv,,
612,02/07/2016,12:44,879�000�551,Hansel and Gretel Witch Hunters (2013).mkv,,
613,12/12/2012,15:56,7�043�272�964,Harry.Potter.And.The.Chamber.Of.Secrets.2002.Extended.FRENCH.720p.BluRay,x264-,HD.mkv
614,14/11/2011,16:12,4�684�876�122,Harry.Potter.And.The.Deathly.Hallows.Part.2.FRENCH.720p.BluRay.x264-LOST,mkv,
615,12/12/2012,16:45,8�532�028�012,Harry.Potter.And.The.Goblet.Of.Fire.2005.720p.DVD9.FRENCH.BRDRip.x264.AC,-TRUE,D.mkv
616,12/12/2012,13:43,7�043�023�430,Harry.Potter.And.The.Half.Blood.Prince.2009.720p.FRENCH.BluRay.x264-Forc,bleue,mkv
617,12/12/2012,14:44,8�546�802�679,Harry.Potter.And.The.Order.Of.The.Phoenix 2007.720 FRENCH.BluRay.x264-So,o.mkv,
618,12/12/2012,15:21,7�047�178�385,Harry.Potter.And.The.Philosophers.Stone.2001.Extended.FRENCH.720p.BluRay,x264-,HD.mkv
619,12/12/2012,17:28,8�547�469�486,Harry.Potter.And.The.Prisoner.Of.Azkaban.2004.720p.FRENCH.BluRay.x264-So,o.mkv,
620,26/03/2017,19:31,583�373�180,Hidden.Figures.2016.FRENCH.BDRip.x264-VENUE.mkv,,
621,12/06/2017,21:25,2�201�061�508,Hidden.Figures.2016.FRENCH.BRRiP.x264.AC3-NLX5.mkv,,
622,09/03/2014,15:35,834�867�877,Homefront.2013.FRENCH.BDRip.x264-PRiDEHD.mkv,,
623,18/02/2016,19:21,695�381�422,Hotel Transylvania 2 (2015).mkv,,
624,09/01/2017,20:27,781�632�183,how.to.be.single.2016.truefrench.bdrip.x264-rude.mkv,,
625,18/02/2016,19:23,1�143�902�371,Hyena Road (2015).mkv,,
626,25/08/2013,22:22,736�937�681,I am Legend.MULTi.DVDRip.x264-TM.mkv,,
627,04/09/2010,21:00,8�081�795�657,I Now Pronounce You Chuck & Larry.mkv,,
628,14/10/2016,20:08,1�883�816�176,Ice.Age.Collision.Course.2016.TRUEFRENCH.720p.BluRay.x264.AAC-ShowFr.mkv,,
629,24/05/2013,19:55,821�772�946,Identity.Thief.2013.UNRATED.FRENCH.BDRip.x264-AYMO.mkv,,
630,05/12/2016,23:10,719�249�986,Ils.Sont.Partout.2016.FRENCH.BDRip.x264-BaliBalo.mkv,,
631,07/07/2017,22:14,1�357�569�337,Immigration.Game.2017.FRENCH.WEBRiP.x264-LOL.mkv,,
632,02/07/2016,13:06,2�200�030�704,In.the.Heart.of.the.Sea.2015.TRUEFRENCH.BDRip.x264.AC3-KiKi.mkv,,
633,29/01/2015,19:48,2�204�119�849,Inception.2010.TRUEFRENCH.BRRip.x264.AC3-ZUP.mkv,,
634,13/11/2016,18:29,864�857�472,independence.day.resurgence.2016.french.bdrip.x264-venue.mkv,,
635,01/02/2017,21:29,5�195�227�763,Inferno.2016.MULTi.1080p.WEB.H264-SiGeRiS.mkv,,
636,19/12/2015,11:06,843�064�292,Inside.Out.2015.TRUEFRENCH.BDRip.x264-MELBA.mkv,,
637,19/09/2010,13:05,4�693�553�593,Iron man 2.mkv,,
638,02/01/2009,19:19,4�695�521�008,Iron man.mkv,,
639,02/07/2016,12:54,5�865�058�200,iron.man.3.2013.french.720p.bluray.x264-rough.mkv,,
640,18/04/2013,20:39,4�693�252�412,Jack.Reacher.2012.FRENCH.720p.BluRay.x264-LOST.mkv,,
641,21/01/2017,19:10,4�548�418�941,Jack.Reacher.Never.Go.Back.2016.MULTi.1080p.WEB.H264-SiGeRiS.mkv,,
642,02/01/2015,19:52,683�630�226,jack.ryan.shadow.recruit.2014.readnfo.french.bdrip.x264-monday12th.mkv,,
643,18/10/2012,22:27,4�359�201�631,Jennifer's Body 2009 French 720p Bluray DTS x264-Ganesh.mkv,,
644,12/06/2017,21:27,867�103�088,John.Wick.Chapter.2.2017.FRENCH.WEBRiP.x264-NLX5.mkv,,
645,18/04/2016,20:55,931�915�239,joy.2015.french.webrip.x264-couac.mkv,,
646,28/07/2011,10:13,4�602�517�610,Jumper.720p.TRUEFRENCH.BluRay.x264.AC3-lanesra13.mkv,,
647,02/01/2015,19:57,2�222�717�957,jurassic.park.1993.remastered.truefrench.bdrip.x264.ac3-480p.mkv,,
648,29/10/2015,23:11,4�689�473�470,jurassic.world.2015.french.720p.bluray.x264-goatlove.mkv,,
649,08/10/2011,13:10,5�099�318�206,Just go with it.mkv,,
650,16/09/2016,21:14,575�178�880,Keanu.2016.FRENCH.BDRip.x264-VENUE.mkv,,
651,24/11/2014,22:39,547�792�288,khumba.2013.french.bdrip.x264-unskilled.mkv,,
652,29/06/2015,22:41,485�515�428,kidnapping.mr.heineken.2015.repack.french.bdrip.x264.mkv,,
653,21/05/2016,10:56,906�393�596,Kill.Command.2016.FRENCH.BDRip.x264-Cortex91.mkv,,
654,29/08/2010,14:49,4�696�196�381,Killers.FRENCH.720p.BluRay.x264-NERDHD.mkv,,
655,27/05/2015,19:54,1�080�436�880,Kingsman.The.Secret.Service.2014.VOSTFR.WEBRip.x264.AC3-CherryCoke.mkv,,
656,28/10/2015,13:49,1�466�939�345,Knock.Knock.2015.FRENCH.BRRiP.x264.AC3-Yoda.mkv,,
657,24/06/2017,12:50,4�513�189�490,Kong.Skull.Island.2017.MULTi.1080p.WEB.H264-SiGeRiS.mkv,,
658,27/05/2015,19:52,856�150�969,L.Affaire.SK1.2014.FRENCH.WEBRip.x264.AC3-CherryCoke.mkv,,
659,12/06/2017,20:58,718�225�938,L.Ascension.2017.FRENCH.BDRiP.x264-PRiDEHD.mkv,,
660,18/11/2012,10:59,1�427�191�771,La.Cite.de.la.Peur.1994.MULTI.TRUEFRENCH.DVDRiP.AC3.x264-HEAVYMENTAL.mkv,,
661,06/07/2012,13:50,735�952�529,La.Famille.Tenenbaum.(The.Royal.Tenenbaums).DVDRip.mkv,,
662,29/04/2017,23:16,701�306�885,La.La.Land.2016.FRENCH.BDRip.x264-VENUE.mkv,,
663,21/05/2017,16:32,4�691�071�523,La.Mecanique.de.L.Ombre.2016.FRENCH.720p.BluRay.x264-LOST.mkv,,
664,02/01/2015,20:19,7�548�741�042,L'Age De Glace 1 2001 1080p BluRay Multi DTS-HDMA x264-GAIA.mkv,,
665,02/01/2015,20:38,9�059�195�536,L'Age De Glace 2 2006 1080p BluRay Multi DTS-HDMA x264-GAIA.mkv,,
666,25/01/2014,20:40,3�851�113�932,Last Vegas 2013 FRENCH 720p BluRay x264-CARPEDIEM.mkv,,
667,29/06/2015,22:42,568�670�999,last.knights.2015.french.bdrip.x264.mkv,,
668,02/12/2012,12:58,4�693�590�181,Lawless 2012 FRENCH 720p BluRay x264-CARPEDIEM.mkv,,
669,21/05/2016,10:47,1�469�944�783,Le.Convoi.2016.FRENCH.BRRiP.x264.AC3-Yoda.mkv,,
670,03/03/2016,19:39,1�467�859�869,Le.Diner.De.Cons.1998.FRENCH.BRRIP.X264.AC3-UBT.mkv,,
671,13/03/2016,15:31,733�320�103,Le.fugitif.(The.fugitive).1993.DVDRip.{H264+HE-AAC}{Fr-Eng}{Sub.Fr-Eng}[,CT].m,v
672,21/05/2016,10:59,853�135�592,Le.Grand.Partage 2015.FRENCH.WEBRip.x264-CrocoPik.mkv,,
673,02/01/2013,13:51,1�467�882�725,Le.Guetteur.2012.FRENCH.BRRip.x264.AC3-FUNKY.mkv,,
674,12/06/2017,20:59,707�544�848,Le.voyage.au.Groenland.2016.FRENCH.WEBRip.x264-BRiNK.mkv,,
675,13/03/2016,14:56,790�330�988,Legend.2015.french.bdrip.x264.mkv,,
676,18/04/2016,21:04,754�262�659,Les Cowboys 2015 FRENCH WEBRiP x264 AC3-AMNESIA.mkv,,
677,29/01/2015,19:54,1�467�856�970,Les.Bronzes.3.Amis.Pour.La.Vie.2006.FRENCH.BRRip.x264.AC3-FUNKY.mkv,,
678,13/11/2013,21:45,614�144�247,Les.Gamins.2013.PROPER.FRENCH.BDRip.x264-TiCKETS.mkv,,
679,01/11/2015,02:10,4�521�735�116,Les.Simpson.Le.Film.720p.mkv,,
680,16/09/2016,21:47,884�893�929,les.visiteurs.la.revolution.2016.french.bdrip.x264-pinkpanters.mkv,,
681,13/03/2016,14:54,736�989�003,L'�t� Meurtrier.mkv,,
682,12/06/2017,21:33,3�657�414�251,Life.2017.FRENH.1080p.WEB-DL.H264-LOL.mkv,,
683,24/11/2014,22:43,1�467�514�541,Life.of.Crime.2014.LIMITED.FRENCH.SUBFORCED.BRRip.x264.AC3-SP3CTR3.mkv,,
684,23/03/2017,21:32,607�910�672,Live.by.Night.2016.FRENCH.BDRip.x264-VENUE.mkv,,
685,18/02/2016,21:27,1�782�233�719,Lock Out 720p.mkv,,
686,14/08/2017,11:36,3�622�414�548,Logan.2017.MULTI.1080p.EncoDam-x265.mkv,,
687,23/06/2016,21:43,797�760�575,London Has Fallen (2016).mkv,,
688,02/07/2014,11:39,1�140�263�646,Lone.Survivor.2013.FRENCH.BDRip.x264-PRiDEHD.mkv,,
689,29/06/2016,21:42,802�467�164,Louder.Than.Bombs.2015.FRENCH.BRRip.x264-Cortex91.mkv,,
690,02/01/2015,21:19,4�689�478�854,lucy.2014.french.720p.bluray.x264-lost.mkv,,
691,21/01/2013,15:45,1�468�272�503,Machine.Gun.Preacher.2011.LiMiTED.FRENCH.SUBFORCED.BRRip.x264.AC3-FUNKY.,kv,
692,13/10/2012,18:01,5�100�117�555,Madagascar.3.Europe's.Most.Wanted.2012.MULTi.720p.BluRay.x264.AC3-Smart,1).mk,
693,27/05/2015,19:50,742�014�516,Maggie.2015.FRENCH.WEBRIP.XviD-MasterTuX.mkv,,
694,17/10/2013,21:39,5�861�880�019,Man.Of.Steel.2013.FRENCH.720p.BluRay.x264-NERDHD.mkv,,
695,02/06/2012,10:20,1�467�759�802,Man.on.a.Ledge.2012.FRENCH.SUBFORCED.BRRip.x264.AC3-FUNKY.mkv,,
696,15/05/2014,21:17,1�464�043�275,Match.Retour.2013.TRUEFRENCH.BDRip.AC3.x264-FrIeNdS.mkv,,
697,12/04/2018,11:07,5�503�396�340,Maze.Runner.The.Death.Cure.2018.MULTi.TRUEFRENCH.1080p.WEB.H264-SiGeRiS.,kv,
698,19/12/2015,11:05,838�606�984,Maze.Runner.The.Scorch.Trials.2015.TRUEFRENCH.BDRip.x264-CNF30.mkv,,
699,13/11/2016,19:09,721�084�780,Mechanic.Resurrection.2016.FRENCH.BDRip.x264-BaliBalo.mkv,,
700,26/03/2017,19:02,3�121�981�271,Mercy.2016.MULTi.1080p.NF.WEBRip.x264-BaliBalo.mkv,,
701,23/06/2016,21:47,500�903�120,Midnight.Special.2016.FRENCH.BDRip.x264-VENUE.mkv,,
702,21/05/2017,16:36,593�748�633,Mindhorn.2016.FRENCH.NF.WEBRip.x264-BaliBalo.mkv,,
703,26/05/2010,17:13,6�893�739�350,Minority.Report.2002.FRENCH.720p.BluRay.x264-HiDeF.mkv,,
704,26/03/2017,18:54,439�634�330,Misconduct.2016.TRUEFRENCH.BRRip.x264-MuxMan.mkv,,
705,26/03/2017,18:53,662�636�430,Miss.Sloane.2016.FRENCH.x264-MuxMan.mkv,,
706,28/10/2015,13:46,689�017�661,Mississippi.Grind.2015.FRENCH.WEBRip.x264-SVR.mkv,,
707,11/10/2013,19:58,1�003�084�694,Monsters.University.2013.FRENCH.BDRip.x264-TiCKETS.mkv,,
708,17/11/2014,20:35,739�055�555,Most wanted man.x264.mkv,,
709,19/12/2015,11:35,1�012�796�969,Mr. Holmes (2015).mkv,,
710,19/04/2014,11:20,900�704�405,Mr.Morgans.Last.Love.2013.SUBFRENCH.BDRip.x264-RUDE.mkv,,
711,11/08/2017,21:23,750�863�216,Naked.2017.FRENCH.WEBRip.NF.x264-LiBERTAD.mkv,,
712,01/12/2012,22:16,4�694�331�757,Next.2007.FRENCH.720p.BluRay.x264.DTS-AiRLiNE.mkv,,
713,01/05/2014,10:36,984�598�341,Night.And.Day.2010.TRUEFRENCH.BRRip.X264.AAC-Wilsonteam.mkv,,
714,29/01/2015,20:00,636�032�080,No good deed.mkv,,
715,07/07/2014,00:29,4�963�384�253,Noah.2013.FRENCH.720p.BluRay.x264-VENUM.mkv,,
716,19/02/2017,14:24,1�468�906�001,Nocturnal.Animals.2016.FRENCH.WEBRiP.x264-NLX5.mkv,,
717,02/07/2014,11:40,633�579�713,Non-Stop.2014.FRENCH.BDRip.x264-PRiDEHD.mkv,,
718,18/02/2016,19:26,539�438�399,nos.femmes.2015.french.bdrip.x264-melba.mkv,,
719,07/09/2016,11:28,4�691�961�115,Now.You.See.Me.2.2016.french.720p.bluray.x264-lost.mkv,,
720,21/04/2014,12:25,6�573�026�812,Now.You.See.Me.2013.THEATRiCAL.TRUEFRENCH.720p.BluRay.x264.DTS-TMB.mkv,,
721,20/08/2013,17:21,5�168�822�294,Oblivion 2013 FRENCH 720p BluRay DTS x264-CARPEDIEM.mkv,,
722,26/03/2017,18:51,1�467�963�821,Office.Christmas.Party.2016.UNRATED.FRENCH.BRRiP.x264.AC3-NLX5.mkv,,
723,07/07/2017,22:36,4�692�194�101,Once.Upon.a.Time.in.Venice.2017.FRENCH.720p.BluRay.x264-LOST.mkv,,
724,23/01/2014,17:52,1�073�124�643,Once.Were.Warriors.1994.MULTi.AAC.BRRiP.x264-KARAT.mkv,,
725,18/04/2016,20:58,745�335�867,Ooops.Noah.is.gone.mkv,,
726,29/01/2015,20:01,969�685�513,Open.windows.2014.french.dvdrip.x264-phoque.mkv,,
727,18/02/2016,19:27,1�019�482�912,Our.Brand.Is.Crisis.2015.FRENCH.BDRip.x264-PRiDEHD.mkv,,
728,13/11/2016,18:30,650�403�035,Our.Kind.of.Traitor.mkv,,
729,07/06/2015,11:14,704�375�507,Papa ou Maman.mkv,,
730,29/04/2017,23:13,1�467�447�758,Papa.Ou.Maman.2.2016.FRENCH.BRRiP.x264.AC3-NLX5.mkv,,
731,29/12/2013,05:22,1�467�918�475,Paranoia.2013.FRENCH.BRRip.x264.AC3.mkv,,
732,13/03/2016,14:57,778�251�910,paranormal.activity.the.ghost.dimension.2015.theatrical.french.bdrip.x26,-rude,mkv
733,13/08/2013,21:17,919�631�196,Parker.2013.TRUEFRENCH.BDRip.x264-NERD.mkv,,
734,23/01/2014,17:53,678�207�396,Parkland.2013.LiMiTED.FRENCH.DVDRiP.x264-FUTiL.mkv,,
735,26/03/2017,19:40,704�497�901,Passengers.2016.FRENCH.BDRip.x264-VENUE.mkv,,
736,09/03/2014,15:31,599�454�140,pawn.2013.french.bdrip.x264-akatsuki.mkv,,
737,25/04/2015,10:58,1�022�248�761,Penguins Of Madagascar.mkv,,
738,29/06/2016,21:43,702�321�159,Pension.Complete.2015.FRENCH.WEBRip.x264-CrocoPik.mkv,,
739,20/05/2017,21:36,735�018�813,Pere.Fils.Therapie.2016.FRENCH.BDRip.x264-PRiDEHD.mkv,,
740,11/10/2013,20:00,764�301�657,Phantom.2013.FRENCH.SUBFORCED.BDRip.AC3.x264-TT.mkv,,
741,20/08/2013,22:47,8�534�016�259,Pirates of the Caribbean  the Curse of the Black Pearl 720p BluRay Multi,DTS x,64-GAIA.mkv
742,20/08/2013,23:17,10�736�992�902,Pirates of the Caribbean At World's End 720p BluRay Multi DTS x264-GAIA.,kv,
743,20/08/2013,21:46,9�384�963�939,Pirates of the Caribbean Dead Man's Chest 720p BluRay Multi DTS x264-GAI,.mkv,
744,25/08/2013,23:58,9�222�352�340,Pirates of the Caribbean On Stranger Tides 720P BluRay MULTi DTS x264-GA,A.mkv,
745,01/03/2014,22:21,1�022�719�652,Planes.2013.TRUEFRENCH.BDRip.x264.AC3-RiV3R.mkv,,
746,13/03/2016,14:59,1�193�548�281,Point Break.sd.mkv,,
747,06/02/2019,20:29,862�849�436,Polar.2019.FRENCH.WEBRip.x264-NEO.mkv,,
748,12/12/2012,12:58,1�458�942�469,Polly Et Moi (Along Came Polly) 2004 FRENCH DVDRiP DTS x264-TiteT.mkv,,
749,01/01/2018,21:32,554�954�447,pottersville.2017.french.webrip.x264-brink.mkv,,
750,09/07/2017,23:14,1�476�404�277,Power.Rangers.2017.FRENCH.WEBRiP.x264-NLX5.mkv,,
751,23/06/2016,21:49,1�338�936�153,Precious.Cargo.2016.FRENCH.BDRip.x264.AC3-KiKi.mkv,,
752,01/12/2012,21:50,7�047�638�947,Prince.of.Persia.The.Sands.of.Time.2010.FRENCH.720p.BluRay.x264-HiDeF.mk,,
753,06/07/2012,11:57,3�515�864�431,Project.X.2012.FRENCH.720p.BluRay.x264-LOST.mkv,,
754,25/12/2012,13:26,8�697�559�311,Prometheus 2012 FRENCH 1080p BluRay DTS x264-CARPEDIEM.mkv,,
755,28/02/2012,21:27,733�217�745,Puncture.2011.LiMiTED.FRENCH.SUBFORCED.BRRip.x264-GKS.mkv,,
756,28/10/2012,17:44,1�468�254�606,Quantum.Of.Solace.2008.FRENCH.SUBFORCED.BRRip.x264.AC3-FUNKY.mkv,,
757,23/11/2014,20:26,1�008�448�763,Qu'est-ce qu'on a fait au Bon Dieu.mkv,,
758,21/01/2017,18:55,419�564�614,Radin.2016.FRENCH.BDRip.x264-PRiDEHD.mkv,,
759,01/06/2017,22:20,997�209�908,Raid.Dingue.2016.FRENCH.BRRip.x264-PiCKLES.mkv,,
760,12/08/2017,20:28,1�653�788�294,Rambo.2008.MULTi.TRUEFRENCH.BRRip.x264.AC3-MuskeTeerS.mkv,,
761,12/08/2017,20:25,1�494�392�835,Rambo.First.Blood.Part.II.1985.MULTi.BRRip.x264.AC3-MuskeTeerS.mkv,,
762,12/08/2017,20:30,1�711�382�780,Rambo.III.1988.MULTi.BRRip.x264.AC3-MuskeTeerS.mkv,,
763,04/01/2012,22:18,5�856�506�341,Real.Steel.2011.FRENCH.720p.BluRay.x264-LOST.mkv,,
764,07/12/2012,00:32,1�466�255�407,Red.Lights.2012.FRENCH.BRRip.x264.AC3-FUNKY.mkv,,
765,11/10/2013,19:59,678�748�031,Redemption.2013.FRENCH.LiMiTED.DVDRip.x264-PHoQUE.mkv,,
766,13/03/2016,15:02,2�203�823�086,Regression.2015.FRENCH.BRRiP.x264.AC3-Yoda.mkv,,
767,29/04/2017,19:20,4�691�909�048,Resident.Evil.The.Final.Chapter.2016.FRENCH.720p.BluRay.x264-VENUE.mkv,,
768,29/06/2016,20:35,1�521�951�916,Ride Along 2 2016 FRENCH M-HD 720p x264 AC3-TAT.mkv,,
769,02/07/2014,11:51,942�932�325,Rio.2.2014.FRENCH.BDRip.x264-Goatlove.mkv,,
770,19/07/2011,15:33,4�878�095�474,RIO.mkv,,
771,13/09/2010,13:29,6�024�311�940,Robin Hood.mkv,,
772,15/05/2014,20:59,4�925�230�980,Robocop.2014.FRENCH.720p.BluRay.AC3.x264-BiTE.mkv,,
773,30/06/2017,20:46,911�402�535,Rock.n.Roll.2017.FRENCH.BDRip.x264-PHoQUE.mkv,,
774,14/05/2017,19:12,5�867�498�133,rogue.one.a.star.wars.story.2016.repack.truefrench.720p.bluray.x264-pkpt,s.mkv,
775,03/03/2016,19:50,1�675�464�078,Room.2015.FRENCH.BDRip.x264.AC3-KiKi.mkv,,
776,20/12/2013,23:37,3�515�282�160,Runner.Runner.2013.FRENCH.720p.BluRay.x264-ROUGH.mkv,,
777,26/03/2017,18:46,3�538�260�894,Rupture.Pour.Tous.2016.FRENCH.1080p.WEB.H264-PiCKLES.mkv,,
778,11/08/2017,21:45,562�224�315,S.W.A.T.Under.Siege.2017.FRENCH.BDRip.x264-VENUE.mkv,,
779,31/07/2014,11:57,1�474�537�085,Sabotage.2014.FRENCH.SUBFORCED.BRRip.x264.AC3-VERSUS.mkv,,
780,06/07/2012,13:45,8�873�245�214,Safe House 2012 MULTi 1080p BluRay DTS x264-BloW.mkv,,
781,21/05/2017,16:36,532�257�801,Sahara.2017.FRENCH.WEBRiP.x264-LOL.mkv,,
782,21/05/2017,16:33,312�967�417,Sam.Was.Here.2016.FRENCH.BDRip.x264-PRiDEHD.mkv,,
783,12/06/2017,21:01,1�169�585�851,sandy.wexler.2017.french.webrip.x264-brink.mkv,,
784,14/05/2013,21:56,745�116�517,Sans.Issue.2012.TRUEFRENCH.SUBFORCED.BRRiP.x264-EPiC.mkv,,
785,02/01/2017,21:03,718�700�529,Sausage.Party.2016.FRENCH.BDRip.x264-PRiDEHD.mkv,,
786,09/03/2014,15:32,839�535�879,Saving.Mr.Banks.2013.FRENCH.BDRip.x264-ROUGH.mkv,,
787,28/02/2016,17:15,658�027�936,Secret.in.their.Eyes.2015.FRENCH.BDRip.x264-ZiON.mkv,,
788,28/02/2016,17:16,613�514�989,Selfless.2015.FRENCH.BDRip.x264-PRiDEHD.mkv,,
789,17/04/2012,18:29,4�842�750�815,Sherlock.Holmes.A.Game.of.Shadows.2011.FRENCH.720p.BluRay.X264-JHB.mkv,,
790,29/01/2015,20:08,2�202�606�404,Shutter.Island.2010.FRENCH.BRRip.x264.AC3-FUNKY.mkv,,
791,07/07/2017,22:12,898�766�721,Si.J.Etais.Un.Homme.2017.FRENCH.WEB.x264-ACc3Ss.mkv,,
792,29/12/2013,05:23,532�640�180,Side.Effects.2013.FRENCH.BDRip.x264-AYMO.mkv,,
793,24/11/2014,22:49,1�466�121�519,sin.city.a.dame.to.kill.for.glups.mkv,,
794,14/05/2017,17:18,1�008�926�849,Sing.2016.TRUEFRENCH.BDRip.x264-ZEST.mkv,,
795,31/07/2014,11:58,816�912�128,situation.amoureuse.c.est.complique.2014.french.bdrip.x264-rough.mkv,,
796,07/03/2016,21:17,1�583�329�403,Six Jours Sept Nuits [6 Days 7 Nights] {1998} Multi Dvdrip x264 de Ivan,eitma,avec Harris
797,02/02/2013,16:58,5�861�843�935,Skyfall.2012.FRENCH.720p.BluRay.x264-NERDHD.mkv,,
798,28/02/2016,17:19,720�919�179,Sleeping with Other People (2015).mkv,,
799,30/01/2016,15:19,1�466�173�464,Solace.2015.FRENCH.BRRip.x264.AC3-KiKi.mkv,,
800,13/03/2016,15:03,914�296�037,Southpaw.2015.FRENCH.BDRip.x264-COUAC.mkv,,
801,30/01/2016,15:17,2�783�225�934,Spectre.2015.FRENCH.720p.MHD.AAC.Aristocat.mkv,,
802,06/07/2012,13:55,735�978�525,Speed DVDRip [x264.HP.He-Aac.{Fr-Eng}.St{Fr-Eng}.Chaps].mkv,,
803,15/03/2009,15:55,4�695�432�035,Spiderman.3.2007.FRENCH.720p.DVD5.BluRay.x264.AC3-WHATELSE.mkv,,
804,29/04/2017,23:09,1�087�208�099,Split.2016.FRENCH.WEBRip.x264-BaliBalo.mkv,,
805,12/06/2017,21:00,492�801�453,Split.2016.TRUEFRENCH.BDRip.x264-ZEST.mkv,,
806,28/02/2016,17:42,1�002�919�109,Spotlight.2015.FRENCH.BDRip.x264-ZiON.mkv,,
807,30/01/2016,15:01,973�662�311,Spy.2015.UNRATED.TRUEFRENCH.BDRip.x264-Goatlove.mkv,,
808,12/08/2017,20:39,4�061�083�690,Star Wars 7 2015 BR EAC3 VFF VO 1080p x265 10Bits T0M.mkv,,
809,26/08/2013,19:18,1�470�751�530,Star.Trek.2009.TRUEFRENCH.BRRip.AC3.x264-Cellular.mkv,,
810,13/11/2016,18:41,4�680�981�714,Star.Trek.Beyond.2016.MULTi.1080p.WEB.H264-SiGeRiS.mkv,,
811,26/08/2013,18:23,11�404�597�694,Star.Trek.Into.Darkness.2013.FRENCH.1080p.BluRay.x264-FUNKY.mkv,,
812,25/03/2016,20:40,10�837�882�621,Star.Wars.Episode.VII.The.Force.Awakens.2015.FRENCH.1080p.BluRay.x264-Co,tex91,mkv
813,10/02/2013,02:23,2�201�151�956,Star.Wars.I.The.Phantom.Menace.1999.MULTi.BRRiP.AC3.x264-PROTEiGON.mkv,,
814,10/02/2013,02:28,2�205�388�847,Star.Wars.II.Attack.Of.The.Clones.2002.MULTi.BRRiP.AC3.x264-PROTEiGON.mk,,
815,10/02/2013,02:32,2�205�110�778,Star.Wars.III.Revenge.Of.The.Sith.2005.MULTi.BRRiP.AC3.x264-PROTEiGON.mk,,
816,10/02/2013,02:36,2�206�514�971,Star.Wars.IV.A.New.Hope.1977.MULTi.BRRiP.AC3.x264-PROTEiGON.mkv,,
817,10/02/2013,02:41,2�202�704�644,Star.Wars.V.The.Empire.Strikes.Back.1980.MULTi.BRRiP.AC3.x264-PROTEiGON.,kv,
818,10/02/2013,02:45,2�204�699�467,Star.Wars.VI.Return.Of.The.Jedi.1983.MULTi.BRRiP.AC3.x264-PROTEiGON.mkv,,
819,28/02/2016,17:46,903�016�025,Steve.Jobs.2015.FRENCH.BDRip.x264-VENUE.mkv,,
820,05/12/2016,23:03,674�390�943,Storks.2016.FRENCH.BDRip.x264-VENUE.mkv,,
821,13/03/2016,15:05,950�515�640,Straight.Outta.Compton.2015.DC.FRENCH.BDRip.x264-MELBA.mkv,,
822,21/05/2017,16:34,662�547�755,Stratton.2017.FRENCH.BDRip.x264-MELBA.mkv,,
823,25/04/2015,11:01,850�391�635,Street.Kings.2008.BDRip.x264.AC3.RoSubbed-playSD.mkv,,
824,14/08/2017,11:31,14�121�219�567,Suicide.Squad.2016.MULTI.1080p.Bluray.AC3.Atmos.TrueHD.x265-ONLY.mkv,,
825,02/07/2014,15:13,889�403�482,Supercondriaque.2014.FRENCH.DVDRip.x264-UTT.mkv,,
826,12/06/2017,21:35,1�008�509�636,T2.Trainspotting.2017.FRENCH.BDRip.x264-BaliBalo.mkv,,
827,01/12/2012,21:06,4�689�704�552,Ted.2012.FRENCH.720p.BluRay.x264-LOST.mkv,,
828,13/11/2016,18:32,1�373�240�944,Teenage.Mutant.Ninja.Turtles.Out.of.the.Shadows.2016.FRENCH.BDRip.x264-V,NUE.m,v
829,28/10/2015,14:31,4�689�998�188,Termin.Geni.2015.TRUEFRENCH.720p.BluRay.x264-Goatlove.mkv,,
830,30/06/2014,14:54,8�532�938�534,Terminator.3.Rise.Of.The.Machines.2003.MULTi.1080p.BluRay.x264-FHD.mkv,,
831,30/06/2014,14:29,11�742�876�008,Terminator.Salvation.Directors.Cut.REPACK.1080p.MULTi.BluRay.x264-ForceB,eue.m,v
832,13/03/2016,15:07,1�462�599�351,Terminus.2015.VOSTFR.WEBRIP.x264-HMK.mkv,,
833,14/06/2013,17:56,4�687�867�259,The Call 2013 FRENCH 720p BluRay DTS x264-CARPEDIEM.mkv,,
834,17/08/2013,19:13,2�201�377�341,The Company You Keep 2012 MULTi TRUEFRENCH BRRiP x264 AC3-psy4.mkv,,
835,31/10/2012,23:51,4�687�650�251,The Descendants.mkv,,
836,30/09/2017,22:12,2�390�455�787,The Fifth Element.mkv,,
837,25/03/2016,20:42,1�112�951�802,The Hateful Eight 2015 FRENCH WEBRiP x264 AC3-AMNESIA.mkv,,
838,29/01/2015,20:12,1�113�003�141,The homesman.mkv,,
839,25/04/2015,11:25,971�777�223,The Imitation Game.mkv,,
840,17/02/2016,02:07,991�410�412,The Intern (2015).mkv,,
841,16/07/2010,15:50,3�953�366�254,The Maiden Heist 720p Bluray Rip x264 .mkv,,
842,02/06/2012,10:52,13�587�648�935,The Matrix Reloaded 2003 1080p BluRay AC3 DTS x264-GAIA.mkv,,
843,25/04/2012,11:31,11�531�882�160,The Matrix.mkv,,
844,15/05/2014,21:15,711�295�310,the monuments men.bdrip.x264.mkv,,
845,29/01/2015,19:19,739�055�555,The most Wanted Man.mkv,,
846,01/05/2014,10:18,727�664�598,The Secret Life of Walter Mitty 2013 FRENCH BDRiP x264-CARPEDIEM.mkv,,
847,14/11/2010,15:07,4�695�012�893,The Sorcerer's Apprentice.mkv,,
848,03/05/2016,19:21,728�510�433,the.5th.wave.2016.french.bdrip.x264.mkv,,
849,24/12/2016,10:38,649�602�550,The.Accountant.2016.FRENCH.BDRip.x264-VENUE.mkv,,
850,01/11/2013,20:03,2�203�453�925,The.Addams.Family.1991.MULTi.BRRip.x264.AC3-SALEM.mkv,,
851,03/08/2014,10:11,7�042�009�390,The.Amazing.Spider-Man.2.2014.FRENCH.720p.BluRay.x264-LOST.mkv,,
852,28/10/2012,15:15,10�557�965�015,The.Amazing.Spiderman.2012.MULTi.1080p.BluRay.x264-LOST.mkv,,
853,24/11/2014,22:51,732�846�288,The.Angriest.Man.in.Brooklyn.french.bdrip.x264.mkv,,
854,07/12/2012,03:39,6�741�299�041,The.Avengers.2012.FRENCH.720p.BluRay.x264-AUTOPSiEHD.mkv,,
855,03/03/2016,19:40,869�102�903,The.Big.Short.2015.mkv,,
856,26/03/2017,19:52,662�881�699,The.Birth.of.a.Nation.2016.FRENCH.BDRip.x264-VENUE.mkv,,
857,11/08/2017,21:42,739�829�757,The.Boss.Baby.2017.FRENCH.BDRip.x264-PRiDEHD.mkv,,
858,12/06/2016,20:38,774�975�972,The.Brothers.Grimsby.2016.FRENCH.WEBRip.x264-Cortex91.mkv,,
859,23/01/2014,17:56,932�815�321,The.Butler.2013.PROPER.FRENCH.BDRip.x264-AYMO.mkv,,
860,25/04/2015,11:22,549�147�668,The.captive.2014.french.dvdrip.x264.mkv,,
861,10/02/2013,02:19,1�470�618�636,The.Change.Up.2011.UNRATED.FRENCH.BRRip.AC3.x264-Cellular.mkv,,
862,13/12/2012,15:00,11�602�159�100,The.Dark.Knight.Rises.2012.FRENCH.1080p.BluRay.AC3.x264-PROTEiGON.mkv,,
863,02/06/2012,10:14,1�888�408�660,The.Day.After.Tomorrow.2004.MULTI.DVDRiP.AC3.x264-HEAVYMENTAL.mkv,,
864,12/06/2017,21:07,1�865�102�913,the.discovery.2017.french.720p.webrip.x264-brink.mkv,,
865,29/06/2016,20:43,981�680�434,the.do-over.2016.french.webrip.x264-sh0w.mkv,,
866,02/01/2015,21:20,643�897�142,The.Equalizer.2014.FRENCH.BDRip.x264-ROUGH.mkv,,
867,18/11/2012,11:34,3�824�590�610,The.Expendables.2.2012.FRENCH.720p.BluRay.x264.AC3-TMB.mkv,,
868,29/12/2013,05:25,791�175�528,The.Family.2013.FRENCH.DVDRip.x264-FUTiL.mkv,,
869,11/08/2017,21:10,5�866�384�886,The.Fate.of.the.Furious.2017.FRENCH.720p.BluRay.x264-VENUE.mkv,,
870,11/10/2013,20:01,580�583�517,The.Frozen.Ground.2013.FRENCH.DVDRip.x264-ZiD.mkv,,
871,18/02/2016,19:35,1�351�352�952,the.good.dinosaur.mkv,,
872,02/07/2014,12:06,1�388�575�867,The.Great.Gatsby.2013.TRUEFRENCH.BDRip.x264-NERD.mkv,,
873,25/10/2013,21:19,4�865�922�712,The.Host.2013.FRENCH.720p.BluRay.x264.AC3-TMB.mkv,,
874,01/05/2014,10:45,1�466�254�747,The.Hours.2002.TRUEFRENCH.BRRip.x264.AC3.mkv,,
875,02/09/2012,18:43,7�033�619�905,The.Hunger.Games.2012.FRENCH.720p.BluRay.x264-LOST.mkv,,
876,23/11/2014,21:09,2�201�560�150,The.Hunger.Games.Catching.Fire.2013.TRUEFRENCH.SUBFORCED.BRRip.x264.AC3-,UNKY.,kv
877,13/03/2016,15:16,5�054�734�579,The.Hunger.Games.Mockingjay.Part.2.2015.FRENCH.1080p.WebHD.H264-SiGeRiS.,kv,
878,20/04/2013,18:17,5�858�369�955,The.Impossible.2012.FRENCH.720p.BluRay.x264-NERDHD.mkv,,
879,29/06/2016,20:46,1�467�632�677,The.Incredible.Hulk.2008.TRUEFRENCH.SUBFORCED.BRRip.x264.AC3-FUNKY.mkv,,
880,19/05/2013,18:02,3�596�461�563,The.Last.Stand.2013.FRENCH.720p.BluRay.AC3.x264-TMB.mkv,,
881,18/04/2016,21:05,953�025�756,The.Last.Witch.Hunter.2015.TRUEFRENCH.BDRip.x264-HD Workshop.mkv,,
882,29/12/2013,05:38,8�919�365�882,The.Lone.Ranger.2013.MULTi.TRUEFRENCH.720p.BluRay.x264.mkv,,
883,14/08/2017,11:40,680�317�352,The.Lost.City.of.Z.2016.FRENCH.BDRip.x264-PRiDEHD.mkv,,
884,28/10/2015,14:22,3�712�833�500,The.Man.from.U.N.C.L.E.2015.FRENCH.720p.WEB-DL.x264-AMY.mkv,,
885,19/04/2014,11:22,1�474�586�046,The.Mask.1994.FRENCH.BRRiP.x264.AC3-EARPi.mkv,,
886,22/08/2016,11:12,627�501�679,The.Nice.Guys.2016.french.bdrip.x264.mkv,,
887,23/11/2014,20:24,680�244�482,The.november.man.2014.french.bdrip.x264.mkv,,
888,23/01/2014,17:37,3�344�053�159,The.Numbers.Station.2013.FRENCH.720p.AC3.x264-TMB.mkv,,
889,15/10/2013,11:39,3�169�227�832,The.Purge.2013.TRUEFRENCH.720p.BluRay.x264.DTS-TMB.mkv,,
890,30/09/2016,22:33,1�304�755�610,The.Purge.Election.Year.2016.FRENCH.BDRip.x264.AC3-WEEDS.mkv,,
891,25/03/2016,20:44,1�621�423�102,The.Revenant.2015.FRENCH WEBRip.x264-CrocoPik.mkv,,
892,29/06/2016,20:53,4�241�047�919,The.Rewrite.2014.MULTi.1080p.WebHD.H264-SiGeRiS.mkv,,
893,13/11/2016,19:15,1�033�763�001,The.Secret.Life.of.Pets.2016.TRUEFRENCH.DVDRip.x264-eVe.mkv,,
894,13/11/2016,19:18,1�357�890�982,The.Shallows.2016.FRENCH.BDRip.x264.AC3-KiKi.mkv,,
895,21/05/2017,16:38,1�010�230�713,The.Space.Between.Us.2017.FRENCH.BRRiP.x264-NLX5.mkv,,
896,24/11/2014,23:00,1�529�264�236,The.Two.Faces.of.January.2014.TRUEFRENCH.DVDRip.x264.AC3-UTT.mkv,,
897,03/03/2016,19:41,632�453�549,The.Visit.2015.FRENCH.BDRip.x264-PRiDEHD.mkv,,
898,01/02/2017,21:29,374�242�988,The.Whole.Truth.2016.FRENCH.BDRip.x264-PRiDEHD.mkv,,
899,22/07/2017,18:22,679�165�089,The.Wizard.Of.Lies.2017.FRENCH.WEBRiP.x264-LOL.mkv,,
900,18/04/2014,19:04,10�844�728�673,The.Wolf.of.Wall.Street.2013.MULTi.720p.Bluray.x264-FrIeNdS.mkv,,
901,07/11/2013,19:17,5�860�793�725,The.Wolverine.2013.EXTENDED.FRENCH.720p.BluRay.x264-ROUGH.mkv,,
902,07/01/2013,23:35,2�202�070�143,Think.Like.A.Man.2012.FRENCH.SUBFORCED.BRRip.x264.AC3-FUNKY.mkv,,
903,11/10/2013,19:37,1�472�466�399,This.is.the.End.2013.FRENCH.BRRip.AC3.x264-2T.mkv,,
904,18/01/2012,15:44,9�382�367�192,Thor.2011.MULTi.1080p.BluRay.x264-LOST.mkv,,
905,06/02/2014,19:40,4�690�812�971,Thor.The.Dark.World.2013.FRENCH.720p.BluRay.x264-ROUGH.mkv,,
906,25/04/2015,11:33,711�279�124,top.five.x264.mkv,,
907,18/11/2012,12:00,5�033�606�442,Total Recall 2012 Theatrical Cut MULTI 720p BluRay x264-CARPEDIEM.mkv,,
908,29/06/2015,22:29,799�291�817,Toute.Premiere.Fois.2015.FRENCH.BRRip.x264.AC3-S.V.mkv,,
909,29/06/2016,20:57,2�099�086�023,Training.Day.2001.MULTI.TRUEFRENCH.BRRip.x264.AC3-HuSh.mkv,,
910,04/07/2013,13:24,3�594�725�002,Trance.2013.TRUEFRENCH.1080p.WEB-DL.AAC2.0.H.264-TT.mkv,,
911,19/07/2014,00:14,4�914�455�554,Transcendence.2014.FRENCH.720p.BluRay.x264.AC3-SP3CTR3.mkv,,
912,04/07/2011,02:56,7�033�075�321,Transformers.2.Revenge.Of.The.Fallen.2009.TRUEFRENCH.720p.BluRay.x264-AU,OPSiE,D.mkv
913,04/07/2011,04:52,7�033�398�634,Transformers.2007.TRUEFRENCH.720p.BluRay.x264-AUTOPSiEHD.mkv,,
914,23/11/2014,21:00,7�038�612�851,Transformers.age.of.extinction.2014.french.720p.bluray.x264.mkv,,
915,06/10/2011,14:35,10�552�386�137,Transformers.Dark.Of.The.Moon.2011.FRENCH.1080p.Bluray.x264-JustMe.mkv,,
916,28/01/2017,15:26,1�455�702�714,Trolls.2016.FRENCH.BDRip.x264.AC3-KiKi.mkv,,
917,04/07/2011,09:17,14�617�423�464,Tron.Legacy.2010.MULTi.WiTH.TRUEFRENCH.1080p.BluRay.x264-SSL.mkv,,
918,16/07/2017,19:35,10�561�062�258,tropic.thunder.2008.unrated.dc.multi.1080p.bluray.x264-fidelio.mkv,,
919,03/03/2016,19:43,987�468�501,Trumbo.2015.FRENCH.BDRip.x264-ZiON.mkv,,
920,07/09/2016,11:39,517�776�668,Tu veux ou tu veux pas.bdrip.mkv,,
921,01/01/2014,23:46,780�065�720,Turbo.2013.TRUEFRENCH.BDRip.x264-Friday13th.mkv,,
922,07/09/2016,11:38,492�220�002,Un homme a la hauteur.mkv,,
923,29/06/2015,22:27,787�341�431,Un.Illustre.Inconnu.2014.FRENCH.BRRip.x264.AC3-S.V.mkv,,
924,25/04/2015,11:34,464�478�509,Un.Illustre.Inconnu.2014.mkv,,
925,05/03/2013,12:20,4�682�561�962,Un.Plan.Parfait.2012.FRENCH.720p.BluRay.x264-NERDHD.mkv,,
926,24/04/2015,21:20,1�225�906�306,Unbroken.2014.FRENCH.SUBFORCED.DVDRiP.x264.AC3-S.V.mkv,,
927,20/03/2017,20:47,3�226�186�298,Underworld.Blood.Wars.2016.TRUEFRENCH.1080p.WEB-DL.H264-LOL.mkv,,
928,08/06/2015,18:09,804�225�046,Une Heure De Tranquillite.mkv,,
929,23/06/2016,22:03,789�222�327,Une.Famille.a.Louer.FRENCH.BDRip.x264-PRiDEHD.mkv,,
930,06/07/2015,18:22,545�189�129,Unfinished.Business.2015.FRENCH.BDRip.x264-VENUE.mkv,,
931,29/06/2016,20:59,907�869�087,Unthinkable (2010).mkv,,
932,03/03/2016,19:44,1�287�634�983,Vacation.2015.TRUEFRENCH.DVDRip.x264.AC3-LuNe.mkv,,
933,19/02/2017,14:22,2�812�076�143,Vaiana.La.Legende.Du.Bout.Du.Monde.2016.FRENCH.720p.BluRay.x264-NLX5.mkv,,
934,02/07/2014,12:21,653�699�796,Walk.of.Shame.2014.FRENCH.BDRip.x264-SLO.mkv,,
935,12/04/2011,01:27,4�694�511�531,Wall.Street.Money.Never.Sleeps.mkv,,
936,01/03/2014,22:38,4�694�776�533,WALL-E.2008.FRENCH.720p.BluRay.x264.DTS-FiDELiO.mkv,,
937,12/06/2017,21:12,2�247�915�767,war.machine.2017.french.720p.webrip.x264-brink.mkv,,
938,15/05/2014,20:46,2�205�567�115,War.Of.The.Worlds.2005.MULTi.BRRiP.AC3.x264-PROTEiGON.mkv,,
939,12/08/2017,19:37,4�709�516�583,Warcraft.mkv,,
940,03/03/2016,19:45,516�911�057,We.Are.Your.Friends.2015.PROPER.480p.x264-mSD.mkv,,
941,19/04/2014,12:42,2�201�826�356,We.Bought.A.Zoo.2011.TRUEFRENCH.SUBFORCED.BRRip.x264.AC3-FUNKY.mkv,,
942,01/11/2013,20:04,705�262�388,Were.The.Millers.2013.FRENCH.BDRip.x264-TiCKETS.mkv,,
943,27/05/2015,20:01,663�505�346,White bird in a blizzard.mkv,,
944,23/03/2017,21:20,913�700�498,Why.Him.2016.FRENCH.WEBRip.x264-MuxMan.mkv,,
945,06/02/2019,20:31,1�228�856�381,widows.2018.sd.x264.dz.mkv,,
946,12/06/2017,21:13,612�942�213,Wilson.2017.FRENCH.BDRip.x264-VENUE.mkv,,
947,29/06/2016,21:01,978�856�987,Woodlawn.2015.FANSUB.VOSTFR.BRRiP.x264.AC3-ViKi47.mkv,,
948,04/09/2013,18:21,5�054�916�464,World.War.Z.2013.Unrated.Cut.FRENCH.720p.BluRay.x264.AC3.TMB.mkv,,
949,26/05/2010,13:43,6�912�946�545,X-Men 2 (X2).mkv,,
950,11/01/2012,10:41,4�683�592�313,X-Men First Class.mkv,,
951,20/05/2010,14:56,7�914�895�909,X-Men Origins Wolverine.mkv,,
952,21/08/2013,19:05,1�146�000�173,X-Men The Last Stand.mkv,,
953,12/08/2017,20:22,5�248�663�149,X-Men.Apocalypse.2016.MULTi.FR.1080p.BluRay.x265-Abyss.mkv,,
954,23/11/2014,20:48,10�559�389�797,x-men.days.of.future.past.2014.multi.1080p.bluray.x264-lost.mkv,,
955,23/05/2010,14:46,4�594�222�474,X-Men.mkv,,
956,19/08/2011,02:28,4�690�313�037,you dont mess with the zohan.mkv,,
957,30/05/2013,16:31,2�198�988�277,Zero Dark Thirty 2012 MULTi TRUEFRENCH BRRiP x264 AC3-psy4.mkv,,
958,21/05/2016,11:09,845�072�137,Zootopia.2016.FRENCH.BRRip.x264-Cortex91.mkv,,
959,01/05/2014,10:22,1�467�947�429,Zulu.2013.FRENCH.BRRip.x264.AC3-SP3CTR3.mkv,,
960,21/05/2016,11:01,546�430�576,The.Trust.2016.FRENCH.BDRip.x264.AAC-SharerHD.mp4,,
